entity_id,entity_type,canonical_name,original_name,source_doc_id,so_ky_hieu,method,confidence,evidence
ENT_0001,CoQuan,Quốc hội,Quốc hội,166170,32/2024/QH15,metadata,1.0,Trích từ metadata.csv: co_quan_ban_hanh='Quốc hội'
ENT_0002,NguoiKy,Vương Đình Huệ,Vương Đình Huệ,166170,32/2024/QH15,metadata,1.0,"Trích từ metadata.csv: nguoi_ky='Vương Đình Huệ', chuc_danh='Chủ tịch Quốc hội'"
ENT_0003,LinhVuc,Tín dụng,Tín dụng,166170,32/2024/QH15,metadata,1.0,Trích từ metadata.csv: linh_vuc='Tín dụng'
ENT_0004,DoiTuongApDung,Tổ chức tín dụng,Tổ chức tín dụng,166170,32/2024/QH15,gemini,0.98,1. Tổ chức tín dụng.
ENT_0005,DoiTuongApDung,Chi nhánh ngân hàng nước ngoài,Chi nhánh ngân hàng nước ngoài,166170,32/2024/QH15,gemini,0.98,2. Chi nhánh ngân hàng nước ngoài.
ENT_0006,DoiTuongApDung,Văn phòng đại diện của tổ chức tín dụng nước ngoài tại Việt Nam,"Văn phòng đại diện tại Việt Nam của tổ chức tín dụng nước ngoài, tổ chức nước ngoài khác có hoạt động ngân hàng",166170,32/2024/QH15,gemini,0.98,"3. Văn phòng đại diện tại Việt Nam của tổ chức tín dụng nước ngoài, tổ chức nước ngoài khác có hoạt động ngân hàng (sau đây gọi là văn phòng đại diện nước ngoài)."
ENT_0007,DoiTuongApDung,"Tổ chức mà Nhà nước sở hữu 100% vốn điều lệ có chức năng mua, bán, xử lý nợ","Tổ chức mà Nhà nước sở hữu 100% vốn điều lệ có chức năng mua, bán, xử lý nợ",166170,32/2024/QH15,gemini,0.98,"4. Tổ chức mà Nhà nước sở hữu 100% vốn điều lệ có chức năng mua, bán, xử lý nợ (sau đây gọi là tổ chức mua bán, xử lý nợ)."
ENT_0008,DoiTuongApDung,"Cơ quan, tổ chức, cá nhân có liên quan đến việc thành lập, tổ chức, hoạt động, can thiệp sớm, kiểm soát đặc biệt, tổ chức lại, giải thể, phá sản tổ chức tín dụng; việc thành lập, tổ chức, hoạt động, can thiệp sớm, giải thể, chấm dứt hoạt động của chi nhánh ngân hàng nước ngoài; việc thành lập, hoạt động của văn phòng đại diện nước ngoài; việc xử lý nợ xấu, tài sản bảo đảm của khoản nợ xấu của tổ chức tín dụng, chi nhánh ngân hàng nước ngoài, tổ chức mua bán, xử lý nợ","Cơ quan, tổ chức, cá nhân có liên quan đến việc thành lập, tổ chức, hoạt động, can thiệp sớm, kiểm soát đặc biệt, tổ chức lại, giải thể, phá sản tổ chức tín dụng; việc thành lập, tổ chức, hoạt động, can thiệp sớm, giải thể, chấm dứt hoạt động của chi nhánh ngân hàng nước ngoài; việc thành lập, hoạt động của văn phòng đại diện nước ngoài; việc xử lý nợ xấu, tài sản bảo đảm của khoản nợ xấu của tổ chức tín dụng, chi nhánh ngân hàng nước ngoài, tổ chức mua bán, xử lý nợ",166170,32/2024/QH15,gemini,0.95,"5. Cơ quan, tổ chức, cá nhân có liên quan đến việc thành lập, tổ chức, hoạt động, can thiệp sớm, kiểm soát đặc biệt, tổ chức lại, giải thể, phá sản tổ chức tín dụng; việc thành lập, tổ chức, hoạt động, can thiệp sớm, giải thể, chấm dứt hoạt động của chi nhánh ngân hàng nước ngoài; việc thành lập, hoạt động của văn phòng đại diện nước ngoài; việc xử lý nợ xấu, tài sản bảo đảm của khoản nợ xấu của tổ chức tín dụng, chi nhánh ngân hàng nước ngoài, tổ chức mua bán, xử lý nợ."
ENT_0009,LinhVuc,Ngân hàng,Ngân hàng,166170,32/2024/QH15,gemini,0.95,tổ chức nước ngoài khác có hoạt động ngân hàng
ENT_0010,CoQuan,Chính phủ,Chính phủ,112025,73/2016/NĐ-CP,metadata,1.0,Trích từ metadata.csv: co_quan_ban_hanh='Chính phủ'
ENT_0011,NguoiKy,Nguyễn Xuân Phúc,Nguyễn Xuân Phúc,112025,73/2016/NĐ-CP,metadata,1.0,"Trích từ metadata.csv: nguoi_ky='Nguyễn Xuân Phúc', chuc_danh='Thủ tướng'"
ENT_0012,DoiTuongApDung,Doanh nghiệp bảo hiểm,Doanh nghiệp bảo hiểm,112025,73/2016/NĐ-CP,gemini,0.95,a) Doanh nghiệp bảo hiểm;
ENT_0013,DoiTuongApDung,Chi nhánh doanh nghiệp bảo hiểm phi nhân thọ nước ngoài,Chi nhánh doanh nghiệp bảo hiểm phi nhân thọ nước ngoài,112025,73/2016/NĐ-CP,gemini,0.95,b) Chi nhánh nước ngoài;
ENT_0014,DoiTuongApDung,Doanh nghiệp môi giới bảo hiểm,Doanh nghiệp môi giới bảo hiểm,112025,73/2016/NĐ-CP,gemini,0.95,"c) Doanh nghiệp môi giới bảo hiểm, đại lý bảo hiểm;"
ENT_0015,DoiTuongApDung,Đại lý bảo hiểm,Đại lý bảo hiểm,112025,73/2016/NĐ-CP,gemini,0.95,"c) Doanh nghiệp môi giới bảo hiểm, đại lý bảo hiểm;"
ENT_0016,DoiTuongApDung,"Tổ chức, cá nhân có liên quan","Các tổ chức, cá nhân khác có liên quan",112025,73/2016/NĐ-CP,gemini,0.9,"d) Các tổ chức, cá nhân khác có liên quan."
ENT_0017,LinhVuc,Bảo hiểm,Bảo hiểm,112025,73/2016/NĐ-CP,gemini,0.98,"Nghị định quy định chi tiết thi hành Luật kinh doanh bảo hiểm và Luật sửa đổi, bổ sung một số điều của Luật kinh doanh bảo hiểm"
ENT_0018,CoQuan,Ngân hàng Nhà nước Việt Nam,Ngân hàng Nhà nước Việt Nam,38128,37/2014/TT-NHNN,metadata,1.0,Trích từ metadata.csv: co_quan_ban_hanh='Ngân hàng Nhà nước Việt Nam'
ENT_0019,NguoiKy,Đào Minh Tú,Đào Minh Tú,38128,37/2014/TT-NHNN,metadata,1.0,"Trích từ metadata.csv: nguoi_ky='Đào Minh Tú', chuc_danh='Phó Thống đốc'"
ENT_0020,LinhVuc,Phát hành và kho quỹ,Phát hành và kho quỹ,38128,37/2014/TT-NHNN,metadata,1.0,Trích từ metadata.csv: linh_vuc='Phát hành và kho quỹ'
ENT_0021,DoiTuongApDung,Các đơn vị thuộc Ngân hàng Nhà nước Việt Nam,Các đơn vị có liên quan thuộc Ngân hàng Nhà nước,38128,37/2014/TT-NHNN,gemini,0.95,1. Các đơn vị có liên quan thuộc Ngân hàng Nhà nước.
ENT_0022,DoiTuongApDung,Nhà máy in tiền Quốc gia,Nhà máy in tiền Quốc gia,38128,37/2014/TT-NHNN,gemini,0.95,2. Nhà máy in tiền Quốc gia.
ENT_0023,DoiTuongApDung,"Tổ chức, cá nhân khác có liên quan đến công việc thiết kế mẫu tiền, chế tạo bản in, khuôn đúc và in, đúc tiền","Tổ chức, cá nhân khác có liên quan đến công việc thiết kế mẫu tiền, chế tạo bản in, khuôn đúc và in, đúc tiền",38128,37/2014/TT-NHNN,gemini,0.95,"3. Tổ chức, cá nhân khác có liên quan đến công việc thiết kế mẫu tiền, chế tạo bản in, khuôn đúc và in, đúc tiền."
ENT_0024,CoQuan,Quốc hội,Quốc hội,26750,67/2011/QH12,metadata,1.0,Trích từ metadata.csv: co_quan_ban_hanh='Quốc hội'
ENT_0025,NguoiKy,Nguyễn Phú Trọng,Nguyễn Phú Trọng,26750,67/2011/QH12,metadata,1.0,"Trích từ metadata.csv: nguoi_ky='Nguyễn Phú Trọng', chuc_danh='Chủ tịch Quốc hội'"
ENT_0026,DoiTuongApDung,Kiểm toán viên,Kiểm toán viên,26750,67/2011/QH12,gemini,0.95,"Luật này áp dụng đối với kiểm toán viên, kiểm toán viên hành nghề, doanh nghiệp kiểm toán, chi nhánh doanh nghiệp kiểm toán nước ngoài tại Việt Nam, đơn vị được kiểm toán, tổ chức nghề nghiệp về kiểm toán và tổ chức, cá nhân khác có liên quan đến hoạt động kiểm toán độc lập."
ENT_0027,DoiTuongApDung,Kiểm toán viên hành nghề,Kiểm toán viên hành nghề,26750,67/2011/QH12,gemini,0.95,"Luật này áp dụng đối với kiểm toán viên, kiểm toán viên hành nghề, doanh nghiệp kiểm toán, chi nhánh doanh nghiệp kiểm toán nước ngoài tại Việt Nam, đơn vị được kiểm toán, tổ chức nghề nghiệp về kiểm toán và tổ chức, cá nhân khác có liên quan đến hoạt động kiểm toán độc lập."
ENT_0028,DoiTuongApDung,Doanh nghiệp kiểm toán,Doanh nghiệp kiểm toán,26750,67/2011/QH12,gemini,0.95,"Luật này áp dụng đối với kiểm toán viên, kiểm toán viên hành nghề, doanh nghiệp kiểm toán, chi nhánh doanh nghiệp kiểm toán nước ngoài tại Việt Nam, đơn vị được kiểm toán, tổ chức nghề nghiệp về kiểm toán và tổ chức, cá nhân khác có liên quan đến hoạt động kiểm toán độc lập."
ENT_0029,DoiTuongApDung,Chi nhánh doanh nghiệp kiểm toán nước ngoài tại Việt Nam,Chi nhánh doanh nghiệp kiểm toán nước ngoài tại Việt Nam,26750,67/2011/QH12,gemini,0.95,"Luật này áp dụng đối với kiểm toán viên, kiểm toán viên hành nghề, doanh nghiệp kiểm toán, chi nhánh doanh nghiệp kiểm toán nước ngoài tại Việt Nam, đơn vị được kiểm toán, tổ chức nghề nghiệp về kiểm toán và tổ chức, cá nhân khác có liên quan đến hoạt động kiểm toán độc lập."
ENT_0030,DoiTuongApDung,Đơn vị được kiểm toán,Đơn vị được kiểm toán,26750,67/2011/QH12,gemini,0.95,"Luật này áp dụng đối với kiểm toán viên, kiểm toán viên hành nghề, doanh nghiệp kiểm toán, chi nhánh doanh nghiệp kiểm toán nước ngoài tại Việt Nam, đơn vị được kiểm toán, tổ chức nghề nghiệp về kiểm toán và tổ chức, cá nhân khác có liên quan đến hoạt động kiểm toán độc lập."
ENT_0031,DoiTuongApDung,Tổ chức nghề nghiệp về kiểm toán,Tổ chức nghề nghiệp về kiểm toán,26750,67/2011/QH12,gemini,0.95,"Luật này áp dụng đối với kiểm toán viên, kiểm toán viên hành nghề, doanh nghiệp kiểm toán, chi nhánh doanh nghiệp kiểm toán nước ngoài tại Việt Nam, đơn vị được kiểm toán, tổ chức nghề nghiệp về kiểm toán và tổ chức, cá nhân khác có liên quan đến hoạt động kiểm toán độc lập."
ENT_0032,DoiTuongApDung,"Tổ chức, cá nhân khác có liên quan đến hoạt động kiểm toán độc lập","Tổ chức, cá nhân khác có liên quan đến hoạt động kiểm toán độc lập",26750,67/2011/QH12,gemini,0.95,"Luật này áp dụng đối với kiểm toán viên, kiểm toán viên hành nghề, doanh nghiệp kiểm toán, chi nhánh doanh nghiệp kiểm toán nước ngoài tại Việt Nam, đơn vị được kiểm toán, tổ chức nghề nghiệp về kiểm toán và tổ chức, cá nhân khác có liên quan đến hoạt động kiểm toán độc lập."
ENT_0033,LinhVuc,Kế toán - Kiểm toán,Kế toán - Kiểm toán,26750,67/2011/QH12,gemini,0.98,Luật Kiểm toán độc lập
ENT_0034,CoQuan,Chính phủ,Chính phủ,163441,46/2023/NĐ-CP,metadata,1.0,Trích từ metadata.csv: co_quan_ban_hanh='Chính phủ'
ENT_0035,NguoiKy,Lê Minh Khái,Lê Minh Khái,163441,46/2023/NĐ-CP,metadata,1.0,"Trích từ metadata.csv: nguoi_ky='Lê Minh Khái', chuc_danh='Phó Thủ tướng Chính phủ'"
ENT_0036,LinhVuc,Bảo hiểm,Bảo hiểm,163441,46/2023/NĐ-CP,metadata,1.0,Trích từ metadata.csv: linh_vuc='Bảo hiểm'
ENT_0037,DoiTuongApDung,Doanh nghiệp bảo hiểm phi nhân thọ,Doanh nghiệp bảo hiểm phi nhân thọ,163441,46/2023/NĐ-CP,gemini,0.98,"Doanh nghiệp bảo hiểm phi nhân thọ, doanh nghiệp bảo hiểm nhân thọ, doanh nghiệp bảo hiểm sức khỏe"
ENT_0038,DoiTuongApDung,Doanh nghiệp bảo hiểm nhân thọ,Doanh nghiệp bảo hiểm nhân thọ,163441,46/2023/NĐ-CP,gemini,0.98,"Doanh nghiệp bảo hiểm phi nhân thọ, doanh nghiệp bảo hiểm nhân thọ, doanh nghiệp bảo hiểm sức khỏe"
ENT_0039,DoiTuongApDung,Doanh nghiệp bảo hiểm sức khỏe,Doanh nghiệp bảo hiểm sức khỏe,163441,46/2023/NĐ-CP,gemini,0.98,"Doanh nghiệp bảo hiểm phi nhân thọ, doanh nghiệp bảo hiểm nhân thọ, doanh nghiệp bảo hiểm sức khỏe"
ENT_0040,DoiTuongApDung,Doanh nghiệp tái bảo hiểm,Doanh nghiệp tái bảo hiểm,163441,46/2023/NĐ-CP,gemini,0.98,"doanh nghiệp tái bảo hiểm, đại lý bảo hiểm, doanh nghiệp môi giới bảo hiểm"
ENT_0041,DoiTuongApDung,Đại lý bảo hiểm,Đại lý bảo hiểm,163441,46/2023/NĐ-CP,gemini,0.98,"doanh nghiệp tái bảo hiểm, đại lý bảo hiểm, doanh nghiệp môi giới bảo hiểm"
ENT_0042,DoiTuongApDung,Doanh nghiệp môi giới bảo hiểm,Doanh nghiệp môi giới bảo hiểm,163441,46/2023/NĐ-CP,gemini,0.98,"doanh nghiệp tái bảo hiểm, đại lý bảo hiểm, doanh nghiệp môi giới bảo hiểm"
ENT_0043,DoiTuongApDung,"Tổ chức, cá nhân cung cấp dịch vụ phụ trợ bảo hiểm","Tổ chức, cá nhân cung cấp dịch vụ phụ trợ bảo hiểm",163441,46/2023/NĐ-CP,gemini,0.98,"tổ chức, cá nhân cung cấp dịch vụ phụ trợ bảo hiểm"
ENT_0044,DoiTuongApDung,Tổ chức tương hỗ cung cấp bảo hiểm vi mô,Tổ chức tương hỗ cung cấp bảo hiểm vi mô,163441,46/2023/NĐ-CP,gemini,0.98,tổ chức tương hỗ cung cấp bảo hiểm vi mô
ENT_0045,DoiTuongApDung,Chi nhánh doanh nghiệp bảo hiểm phi nhân thọ nước ngoài,Chi nhánh doanh nghiệp bảo hiểm phi nhân thọ nước ngoài,163441,46/2023/NĐ-CP,gemini,0.98,"Chi nhánh doanh nghiệp bảo hiểm phi nhân thọ nước ngoài, chi nhánh doanh nghiệp tái bảo hiểm nước ngoài"
ENT_0046,DoiTuongApDung,Chi nhánh doanh nghiệp tái bảo hiểm nước ngoài,Chi nhánh doanh nghiệp tái bảo hiểm nước ngoài,163441,46/2023/NĐ-CP,gemini,0.98,"Chi nhánh doanh nghiệp bảo hiểm phi nhân thọ nước ngoài, chi nhánh doanh nghiệp tái bảo hiểm nước ngoài"
ENT_0047,DoiTuongApDung,Văn phòng đại diện của tổ chức tín dụng nước ngoài tại Việt Nam,Văn phòng đại diện nước ngoài tại Việt Nam,163441,46/2023/NĐ-CP,gemini,0.98,"Văn phòng đại diện của doanh nghiệp bảo hiểm nước ngoài, doanh nghiệp tái bảo hiểm nước ngoài, doanh nghiệp môi giới bảo hiểm nước ngoài, tập đoàn tài chính, bảo hiểm nước ngoài tại Việt Nam (sau đây gọi là văn phòng đại diện nước ngoài tại Việt Nam)"
ENT_0048,DoiTuongApDung,Bên mua bảo hiểm,Bên mua bảo hiểm,163441,46/2023/NĐ-CP,gemini,0.98,"Bên mua bảo hiểm, người được bảo hiểm, người thụ hưởng"
ENT_0049,DoiTuongApDung,Người được bảo hiểm,Người được bảo hiểm,163441,46/2023/NĐ-CP,gemini,0.98,"Bên mua bảo hiểm, người được bảo hiểm, người thụ hưởng"
ENT_0050,DoiTuongApDung,Người thụ hưởng,Người thụ hưởng,163441,46/2023/NĐ-CP,gemini,0.98,"Bên mua bảo hiểm, người được bảo hiểm, người thụ hưởng"
ENT_0051,DoiTuongApDung,Cơ quan quản lý nhà nước về hoạt động kinh doanh bảo hiểm,Cơ quan quản lý nhà nước về hoạt động kinh doanh bảo hiểm,163441,46/2023/NĐ-CP,gemini,0.98,Cơ quan quản lý nhà nước về hoạt động kinh doanh bảo hiểm.
ENT_0052,DoiTuongApDung,Tổ chức và cá nhân có liên quan đến hoạt động kinh doanh bảo hiểm,Tổ chức và cá nhân có liên quan đến hoạt động kinh doanh bảo hiểm,163441,46/2023/NĐ-CP,gemini,0.98,Tổ chức và cá nhân có liên quan đến hoạt động kinh doanh bảo hiểm.
ENT_0053,CoQuan,Chính phủ,Chính phủ,146468,156/2020/NĐ-CP,metadata,1.0,Trích từ metadata.csv: co_quan_ban_hanh='Chính phủ'
ENT_0054,NguoiKy,Nguyễn Xuân Phúc,Nguyễn Xuân Phúc,146468,156/2020/NĐ-CP,metadata,1.0,"Trích từ metadata.csv: nguoi_ky='Nguyễn Xuân Phúc', chuc_danh='Thủ tướng'"
ENT_0055,LinhVuc,Chứng khoán,Chứng khoán,146468,156/2020/NĐ-CP,metadata,1.0,Trích từ metadata.csv: linh_vuc='Chứng khoán'
ENT_0056,DoiTuongApDung,"Tổ chức, cá nhân có liên quan","tổ chức, cá nhân liên quan",146468,156/2020/NĐ-CP,gemini,0.92,"Bộ trưởng Bộ Tài chính, Bộ trưởng, Thủ trưởng cơ quan ngang bộ, Thủ trưởng cơ quan thuộc Chính phủ, Chủ tịch Ủy ban nhân dân tỉnh, thành phố trực thuộc trung ương và các tổ chức, cá nhân liên quan chịu trách nhiệm thi hành Nghị định này."
ENT_0057,DoiTuongApDung,"Cá nhân, tổ chức bị xử phạt vi phạm hành chính","cá nhân, tổ chức bị xử phạt vi phạm hành chính",146468,156/2020/NĐ-CP,gemini,0.9,"ban hành trước ngày Nghị định này có hiệu lực thi hành mà cá nhân, tổ chức bị xử phạt vi phạm hành chính còn khiếu nại"
ENT_0058,LinhVuc,Xử phạt vi phạm hành chính,Xử phạt vi phạm hành chính,146468,156/2020/NĐ-CP,gemini,0.95,Quy định xử phạt vi phạm hành chính trong lĩnh vực chứng khoán và thị trường chứng khoán
ENT_0059,CoQuan,Ngân hàng Nhà nước Việt Nam,Ngân hàng Nhà nước Việt Nam,168220,27/2024/TT-NHNN,metadata,1.0,Trích từ metadata.csv: co_quan_ban_hanh='Ngân hàng Nhà nước Việt Nam'
ENT_0060,NguoiKy,Đào Minh Tú,Đào Minh Tú,168220,27/2024/TT-NHNN,metadata,1.0,"Trích từ metadata.csv: nguoi_ky='Đào Minh Tú', chuc_danh='Phó Thống đốc'"
ENT_0061,LinhVuc,"Thanh tra, giám sát ngân hàng","Thanh tra, giám sát ngân hàng",168220,27/2024/TT-NHNN,metadata,1.0,"Trích từ metadata.csv: linh_vuc='Thanh tra, giám sát ngân hàng'"
ENT_0062,DoiTuongApDung,Ngân hàng hợp tác xã,Ngân hàng hợp tác xã,168220,27/2024/TT-NHNN,gemini,0.98,1. Ngân hàng hợp tác xã.
ENT_0063,DoiTuongApDung,Quỹ tín dụng nhân dân,Quỹ tín dụng nhân dân,168220,27/2024/TT-NHNN,gemini,0.98,2. Quỹ tín dụng nhân dân.
ENT_0064,DoiTuongApDung,"Tổ chức, cá nhân có liên quan đến phạm vi điều chỉnh quy định tại Điều 1 Thông tư này","Tổ chức, cá nhân có liên quan đến phạm vi điều chỉnh quy định tại Điều 1 Thông tư này",168220,27/2024/TT-NHNN,gemini,0.95,"3. Tổ chức, cá nhân có liên quan đến phạm vi điều chỉnh quy định tại Điều 1 Thông tư này."
ENT_0065,LinhVuc,Ngân hàng,Ngân hàng,168220,27/2024/TT-NHNN,gemini,0.95,"hoạt động trong lĩnh vực ngân hàng với mục tiêu chủ yếu là liên kết, bảo đảm an toàn của hệ thống"
ENT_0066,CoQuan,Chính phủ,Chính phủ,133858,05/2019/NĐ-CP,metadata,1.0,Trích từ metadata.csv: co_quan_ban_hanh='Chính phủ'
ENT_0067,NguoiKy,Nguyễn Xuân Phúc,Nguyễn Xuân Phúc,133858,05/2019/NĐ-CP,metadata,1.0,"Trích từ metadata.csv: nguoi_ky='Nguyễn Xuân Phúc', chuc_danh='Thủ tướng'"
ENT_0068,CoQuan,Bộ Tài chính,Bộ Tài chính,133858,05/2019/NĐ-CP,gemini,0.99,Theo đề nghị của Bộ trưởng Bộ Tài chính;
ENT_0069,CoQuan,"Ủy ban nhân dân các tỉnh, thành phố trực thuộc trung ương","Ủy ban nhân dân các tỉnh, thành phố trực thuộc trung ương",133858,05/2019/NĐ-CP,gemini,0.95,"Ủy ban nhân dân các tỉnh, thành phố trực thuộc trung ương;"
ENT_0070,CoQuan,Ngân hàng Nhà nước Việt Nam,Ngân hàng Nhà nước,133858,05/2019/NĐ-CP,gemini,0.95,do Ngân hàng Nhà nước ban hành.
ENT_0071,DoiTuongApDung,"Các bộ, cơ quan ngang bộ, cơ quan thuộc Chính phủ","Các bộ, cơ quan ngang bộ, cơ quan thuộc Chính phủ",133858,05/2019/NĐ-CP,gemini,0.95,"a) Các bộ, cơ quan ngang bộ, cơ quan thuộc Chính phủ;"
ENT_0072,DoiTuongApDung,"Ủy ban nhân dân các tỉnh, thành phố trực thuộc trung ương","Ủy ban nhân dân các tỉnh, thành phố trực thuộc trung ương",133858,05/2019/NĐ-CP,gemini,0.95,"b) Ủy ban nhân dân các tỉnh, thành phố trực thuộc trung ương;"
ENT_0073,DoiTuongApDung,Các đơn vị sự nghiệp công lập,Các đơn vị sự nghiệp công lập,133858,05/2019/NĐ-CP,gemini,0.95,c) Các đơn vị sự nghiệp công lập;
ENT_0074,DoiTuongApDung,Các doanh nghiệp,Các doanh nghiệp,133858,05/2019/NĐ-CP,gemini,0.95,d) Các doanh nghiệp;
ENT_0075,DoiTuongApDung,Tổ chức tín dụng,Tổ chức tín dụng,133858,05/2019/NĐ-CP,gemini,0.95,3. Công tác kiểm toán nội bộ của tổ chức tín dụng thực hiện theo Luật các tổ chức tín dụng
ENT_0076,DoiTuongApDung,Ngân hàng Nhà nước,Ngân hàng Nhà nước,133858,05/2019/NĐ-CP,gemini,0.95,4. Công tác kiểm toán nội bộ của Ngân hàng Nhà nước thực hiện theo Luật Ngân hàng Nhà nước
ENT_0077,LinhVuc,Kế toán - Kiểm toán,Kế toán - Kiểm toán,133858,05/2019/NĐ-CP,gemini,0.95,Chính phủ ban hành Nghị định về kiểm toán nội bộ.
ENT_0078,CoQuan,Ngân hàng Nhà nước Việt Nam,Ngân hàng Nhà nước Việt Nam,169221,43/2024/TT-NHNN,metadata,1.0,Trích từ metadata.csv: co_quan_ban_hanh='Ngân hàng Nhà nước Việt Nam'
ENT_0079,NguoiKy,Phạm Thanh Hà,Phạm Thanh Hà,169221,43/2024/TT-NHNN,metadata,1.0,"Trích từ metadata.csv: nguoi_ky='Phạm Thanh Hà', chuc_danh='Phó Thống đốc'"
ENT_0080,LinhVuc,Quản lý ngoại hối,Quản lý ngoại hối,169221,43/2024/TT-NHNN,metadata,1.0,Trích từ metadata.csv: linh_vuc='Quản lý ngoại hối'
ENT_0081,DoiTuongApDung,Chánh Văn phòng,Chánh Văn phòng,169221,43/2024/TT-NHNN,gemini,0.95,"Chánh Văn phòng, Cục trưởng Cục Quản lý dự trữ ngoại hối nhà nước và Thủ trưởng các đơn vị thuộc Ngân hàng Nhà nước Việt Nam chịu trách nhiệm tổ chức thực hiện Thông tư này."
ENT_0082,DoiTuongApDung,Cục trưởng Cục Quản lý dự trữ ngoại hối nhà nước,Cục trưởng Cục Quản lý dự trữ ngoại hối nhà nước,169221,43/2024/TT-NHNN,gemini,0.95,"Chánh Văn phòng, Cục trưởng Cục Quản lý dự trữ ngoại hối nhà nước và Thủ trưởng các đơn vị thuộc Ngân hàng Nhà nước Việt Nam chịu trách nhiệm tổ chức thực hiện Thông tư này."
ENT_0083,DoiTuongApDung,Các đơn vị thuộc Ngân hàng Nhà nước Việt Nam,Thủ trưởng các đơn vị thuộc Ngân hàng Nhà nước Việt Nam,169221,43/2024/TT-NHNN,gemini,0.95,"Chánh Văn phòng, Cục trưởng Cục Quản lý dự trữ ngoại hối nhà nước và Thủ trưởng các đơn vị thuộc Ngân hàng Nhà nước Việt Nam chịu trách nhiệm tổ chức thực hiện Thông tư này."
ENT_0084,CoQuan,Chính phủ,Chính phủ,95652,135/2015/NĐ-CP,metadata,1.0,Trích từ metadata.csv: co_quan_ban_hanh='Chính phủ'
ENT_0085,NguoiKy,Nguyễn Tấn Dũng,Nguyễn Tấn Dũng,95652,135/2015/NĐ-CP,metadata,1.0,"Trích từ metadata.csv: nguoi_ky='Nguyễn Tấn Dũng', chuc_danh='Thủ tướng Chính phủ'"
ENT_0086,DoiTuongApDung,"Nhà đầu tư (Tổ chức kinh tế, cá nhân có quốc tịch Việt Nam thuộc đối tượng được tham gia chương trình thưởng cổ phiếu phát hành ở nước ngoài)","Nhà đầu tư (Tổ chức kinh tế, cá nhân có quốc tịch Việt Nam thuộc đối tượng được tham gia chương trình thưởng cổ phiếu phát hành ở nước ngoài)",95652,135/2015/NĐ-CP,gemini,0.95,"1. Nhà đầu tư gồm các đối tượng sau:
a) Tổ chức kinh tế theo quy định tại Khoản 16 Điều 3 Luật Đầu tư;
b) Cá nhân có quốc tịch Việt Nam thuộc đối tượng được tham gia chương trình thưởng cổ phiếu phát hành ở nước ngoài."
ENT_0087,DoiTuongApDung,Các cơ quan quản lý nhà nước tham gia quản lý hoạt động đầu tư gián tiếp ra nước ngoài,Các cơ quan quản lý nhà nước tham gia quản lý hoạt động đầu tư gián tiếp ra nước ngoài,95652,135/2015/NĐ-CP,gemini,0.95,2. Các cơ quan quản lý nhà nước tham gia quản lý hoạt động đầu tư gián tiếp ra nước ngoài theo quy định tại Nghị định này.
ENT_0088,DoiTuongApDung,"Tổ chức, cá nhân có liên quan đến hoạt động đầu tư gián tiếp ra nước ngoài","Các tổ chức, cá nhân khác có liên quan đến hoạt động đầu tư gián tiếp ra nước ngoài",95652,135/2015/NĐ-CP,gemini,0.95,"3. Các tổ chức, cá nhân khác có liên quan đến hoạt động đầu tư gián tiếp ra nước ngoài."
ENT_0089,LinhVuc,Quản lý ngoại hối,Quản lý ngoại hối,95652,135/2015/NĐ-CP,gemini,0.92,"Căn cứ Pháp lệnh Ngoại hối ngày 13 tháng 12 năm 2005 và Pháp lệnh sửa đổi, bổ sung một số điều của Pháp lệnh Ngoại hối ngày 18 tháng 3 năm 2013"
ENT_0090,LinhVuc,Chứng khoán,Chứng khoán,95652,135/2015/NĐ-CP,gemini,0.9,"Nghị định này quy định chi tiết về hoạt động đầu tư ra nước ngoài dưới hình thức mua, bán chứng khoán, các giấy tờ có giá khác hoặc đầu tư thông qua các quỹ đầu tư chứng khoán"
ENT_0091,LinhVuc,Đầu tư,Đầu tư,95652,135/2015/NĐ-CP,gemini,0.95,Nghị định quy định về đầu tư gián tiếp ra nước ngoài.
ENT_0092,CoQuan,Bộ Tài chính,Bộ Tài chính,f69936f0-6937-11f1-a48d-29bc6b0fd706,17/VBHN-BTC,metadata,1.0,Trích từ metadata.csv: co_quan_ban_hanh='Bộ Tài chính'
ENT_0093,NguoiKy,Nguyễn Đức Chi,Nguyễn Đức Chi,f69936f0-6937-11f1-a48d-29bc6b0fd706,17/VBHN-BTC,metadata,1.0,"Trích từ metadata.csv: nguoi_ky='Nguyễn Đức Chi', chuc_danh='Thứ trưởng'"
ENT_0094,CoQuan,Chính phủ,Chính phủ,f69936f0-6937-11f1-a48d-29bc6b0fd706,17/VBHN-BTC,gemini,0.95,Nghị định số 156/2020/NĐ-CP ngày 31 tháng 12 năm 2020 của Chính phủ quy định xử phạt vi phạm hành chính trong lĩnh vực chứng khoán và thị trường chứng khoán
ENT_0095,DoiTuongApDung,"Tổ chức, cá nhân có liên quan","Tổ chức, cá nhân liên quan",f69936f0-6937-11f1-a48d-29bc6b0fd706,17/VBHN-BTC,gemini,0.9,"các tổ chức, cá nhân liên quan chịu trách nhiệm thi hành Nghị định này"
ENT_0096,LinhVuc,Chứng khoán,Chứng khoán,f69936f0-6937-11f1-a48d-29bc6b0fd706,17/VBHN-BTC,gemini,0.98,Quy định xử phạt vi phạm hành chính trong lĩnh vực chứng khoán và thị trường chứng khoán
ENT_0097,CoQuan,Bộ Tài chính,Bộ Tài chính,30402,202/2012/TT-BTC,metadata,1.0,Trích từ metadata.csv: co_quan_ban_hanh='Bộ Tài chính'
ENT_0098,NguoiKy,Trần Xuân Hà,Trần Xuân Hà,30402,202/2012/TT-BTC,metadata,1.0,"Trích từ metadata.csv: nguoi_ky='Trần Xuân Hà', chuc_danh='Thứ trưởng'"
ENT_0099,LinhVuc,Quản lý dịch vụ tài chính và các quỹ tài chính,Quản lý dịch vụ tài chính và các quỹ tài chính,30402,202/2012/TT-BTC,metadata,1.0,Trích từ metadata.csv: linh_vuc='Quản lý dịch vụ tài chính và các quỹ tài chính'
ENT_0100,DoiTuongApDung,"Kiểm toán viên đăng ký hành nghề tại doanh nghiệp kiểm toán, chi nhánh doanh nghiệp kiểm toán nước ngoài tại Việt Nam","Kiểm toán viên đăng ký hành nghề tại doanh nghiệp kiểm toán, chi nhánh doanh nghiệp kiểm toán nước ngoài tại Việt Nam",30402,202/2012/TT-BTC,gemini,0.95,"Kiểm toán viên đăng ký hành nghề tại doanh nghiệp kiểm toán, chi nhánh doanh nghiệp kiểm toán nước ngoài tại Việt Nam."
ENT_0101,DoiTuongApDung,"Doanh nghiệp kiểm toán, chi nhánh doanh nghiệp kiểm toán nước ngoài tại Việt Nam","Doanh nghiệp kiểm toán, chi nhánh doanh nghiệp kiểm toán nước ngoài tại Việt Nam",30402,202/2012/TT-BTC,gemini,0.95,"Doanh nghiệp kiểm toán, chi nhánh doanh nghiệp kiểm toán nước ngoài tại Việt Nam (sau đây gọi chung là doanh nghiệp kiểm toán)."
ENT_0102,DoiTuongApDung,"Tổ chức, cá nhân có liên quan đến việc đăng ký, quản lý và công khai danh sách kiểm toán viên hành nghề kiểm toán","Tổ chức, cá nhân có liên quan đến việc đăng ký, quản lý và công khai danh sách kiểm toán viên hành nghề kiểm toán",30402,202/2012/TT-BTC,gemini,0.95,"Tổ chức, cá nhân có liên quan đến việc đăng ký, quản lý và công khai danh sách kiểm toán viên hành nghề kiểm toán."
ENT_0103,LinhVuc,Kế toán - Kiểm toán,Kế toán - Kiểm toán,30402,202/2012/TT-BTC,gemini,0.95,"Thông tư hướng dẫn về đăng ký, quản lý và công khai danh sách kiểm toán viên hành nghề kiểm toán."
ENT_0104,CoQuan,Ngân hàng Nhà nước Việt Nam,Ngân hàng Nhà nước Việt Nam,173460,57/2024/TT-NHNN,metadata,1.0,Trích từ metadata.csv: co_quan_ban_hanh='Ngân hàng Nhà nước Việt Nam'
ENT_0105,NguoiKy,Đoàn Thái Sơn,Đoàn Thái Sơn,173460,57/2024/TT-NHNN,metadata,1.0,"Trích từ metadata.csv: nguoi_ky='Đoàn Thái Sơn', chuc_danh='Phó Thống đốc'"
ENT_0106,LinhVuc,"Thanh tra, giám sát ngân hàng","Thanh tra, giám sát ngân hàng",173460,57/2024/TT-NHNN,metadata,1.0,"Trích từ metadata.csv: linh_vuc='Thanh tra, giám sát ngân hàng'"
ENT_0107,DoiTuongApDung,Công ty tài chính tổng hợp,Công ty tài chính tổng hợp,173460,57/2024/TT-NHNN,gemini,0.95,1. Công ty tài chính tổng hợp.
ENT_0108,DoiTuongApDung,Công ty tài chính chuyên ngành,Công ty tài chính chuyên ngành,173460,57/2024/TT-NHNN,gemini,0.95,2. Công ty tài chính chuyên ngành.
ENT_0109,DoiTuongApDung,"Các tổ chức, cá nhân có liên quan đến việc cấp Giấy phép lần đầu của tổ chức tín dụng phi ngân hàng","Các tổ chức, cá nhân có liên quan đến việc cấp Giấy phép lần đầu của tổ chức tín dụng phi ngân hàng",173460,57/2024/TT-NHNN,gemini,0.95,"3. Các tổ chức, cá nhân có liên quan đến việc cấp Giấy phép lần đầu của tổ chức tín dụng phi ngân hàng."
ENT_0110,LinhVuc,Ngân hàng,Ngân hàng,173460,57/2024/TT-NHNN,gemini,0.9,"Thống đốc Ngân hàng Nhà nước Việt Nam ban hành Thông tư quy định hồ sơ, thủ tục cấp Giấy phép lần đầu của tổ chức tín dụng phi ngân hàng."
ENT_0111,CoQuan,Ngân hàng Nhà nước Việt Nam,Ngân hàng Nhà nước Việt Nam,27257,44/2011/TT-NHNN,metadata,1.0,Trích từ metadata.csv: co_quan_ban_hanh='Ngân hàng Nhà nước Việt Nam'
ENT_0112,NguoiKy,Trần Minh Tuấn,Trần Minh Tuấn,27257,44/2011/TT-NHNN,metadata,1.0,"Trích từ metadata.csv: nguoi_ky='Trần Minh Tuấn', chuc_danh='Phó Thống đốc'"
ENT_0113,DoiTuongApDung,Tổ chức tín dụng,Tổ chức tín dụng,27257,44/2011/TT-NHNN,gemini,0.98,1. Tổ chức tín dụng;
ENT_0114,DoiTuongApDung,Chi nhánh ngân hàng nước ngoài,Chi nhánh ngân hàng nước ngoài,27257,44/2011/TT-NHNN,gemini,0.98,2. Chi nhánh ngân hàng nước ngoài;
ENT_0115,DoiTuongApDung,"Tổ chức, cá nhân có liên quan đến hệ thống kiểm soát nội bộ và kiểm toán nội bộ của tổ chức tín dụng, chi nhánh ngân hàng nước ngoài","Tổ chức, cá nhân có liên quan đến hệ thống kiểm soát nội bộ và kiểm toán nội bộ của tổ chức tín dụng, chi nhánh ngân hàng nước ngoài",27257,44/2011/TT-NHNN,gemini,0.95,"3. Tổ chức, cá nhân có liên quan đến hệ thống kiểm soát nội bộ và kiểm toán nội bộ của tổ chức tín dụng, chi nhánh ngân hàng nước ngoài."
ENT_0116,LinhVuc,Ngân hàng,Ngân hàng,27257,44/2011/TT-NHNN,gemini,0.95,"Quy định về hệ thống kiểm soát nội bộ và kiểm toán nội bộ của tổ chức tín dụng, chi nhánh ngân hàng nước ngoài"
ENT_0117,LinhVuc,Kế toán - Kiểm toán,Kế toán - Kiểm toán,27257,44/2011/TT-NHNN,gemini,0.92,"Quy định về hệ thống kiểm soát nội bộ và kiểm toán nội bộ của tổ chức tín dụng, chi nhánh ngân hàng nước ngoài"
ENT_0118,CoQuan,Bộ Tài chính,Bộ Tài chính,143217,66/2020/TT-BTC,metadata,1.0,Trích từ metadata.csv: co_quan_ban_hanh='Bộ Tài chính'
ENT_0119,NguoiKy,Đỗ Hoàng Anh Tuấn,Đỗ Hoàng Anh Tuấn,143217,66/2020/TT-BTC,gemini,0.98,"KT. BỘ TRƯỞNG
THỨ TRƯỞNG
(Đã ký)
Đỗ Hoàng Anh Tuấn"
ENT_0120,DoiTuongApDung,Các doanh nghiệp quy định tại khoản 1 Điều 10 Nghị định số 05/2019/NĐ-CP,Các doanh nghiệp quy định tại khoản 1 Điều 10 Nghị định số 05/2019/NĐ-CP,143217,66/2020/TT-BTC,gemini,0.95,Thông tư này áp dụng đối với các doanh nghiệp quy định tại khoản 1 Điều 10 Nghị định số 05/2019/NĐ-CP ngày 22 tháng 01 năm 2019 của Chính phủ về kiếm toán nội bộ.
ENT_0121,DoiTuongApDung,Các doanh nghiệp không thuộc quy định tại khoản 1 Điều 10 Nghị định số 05/2019/NĐ-CP,Các doanh nghiệp không thuộc quy định tại khoản 1 Điều 10 Nghị định số 05/2019/NĐ-CP,143217,66/2020/TT-BTC,gemini,0.9,Các doanh nghiệp không thuộc quy định tại khoản 1 Điều này được khuyến khích xây dựng Quy chế kiểm toán nội bộ trên cơ sở tham chiếu mẫu Quy chế kiểm toán nội bộ ban hành kèm theo Thông tư này.
ENT_0122,LinhVuc,Kế toán - Kiểm toán,Kế toán - Kiểm toán,143217,66/2020/TT-BTC,gemini,0.95,Thông tư ban hành Quy chế mẫu về kiếm toán nội bộ áp dụng cho doanh nghiệp.
ENT_0123,CoQuan,Ngân hàng Nhà nước Việt Nam,Ngân hàng Nhà nước Việt Nam,168859,29/2024/TT-NHNN,metadata,1.0,Trích từ metadata.csv: co_quan_ban_hanh='Ngân hàng Nhà nước Việt Nam'
ENT_0124,NguoiKy,Đào Minh Tú,Đào Minh Tú,168859,29/2024/TT-NHNN,metadata,1.0,"Trích từ metadata.csv: nguoi_ky='Đào Minh Tú', chuc_danh='Phó Thống đốc'"
ENT_0125,LinhVuc,"Thanh tra, giám sát ngân hàng","Thanh tra, giám sát ngân hàng",168859,29/2024/TT-NHNN,metadata,1.0,"Trích từ metadata.csv: linh_vuc='Thanh tra, giám sát ngân hàng'"
ENT_0126,DoiTuongApDung,Quỹ tín dụng nhân dân,Quỹ tín dụng nhân dân,168859,29/2024/TT-NHNN,gemini,0.98,1. Quỹ tín dụng nhân dân.
ENT_0127,DoiTuongApDung,Ngân hàng hợp tác xã,Ngân hàng hợp tác xã,168859,29/2024/TT-NHNN,gemini,0.98,2. Ngân hàng hợp tác xã.
ENT_0128,DoiTuongApDung,"Tổ chức, cá nhân có liên quan đến quản trị, điều hành, tổ chức và hoạt động của quỹ tín dụng nhân dân","Tổ chức, cá nhân có liên quan đến quản trị, điều hành, tổ chức và hoạt động của quỹ tín dụng nhân dân",168859,29/2024/TT-NHNN,gemini,0.95,"3. Tổ chức, cá nhân có liên quan đến quản trị, điều hành, tổ chức và hoạt động của quỹ tín dụng nhân dân."
ENT_0129,LinhVuc,Ngân hàng,Ngân hàng,168859,29/2024/TT-NHNN,gemini,0.9,Thông tư quy định về quỹ tín dụng nhân dân.
ENT_0130,CoQuan,Bộ Tài chính,Bộ Tài chính,150974,08/2021/TT-BTC,metadata,1.0,Trích từ metadata.csv: co_quan_ban_hanh='Bộ Tài chính'
ENT_0131,NguoiKy,Tạ Anh Tuấn,Tạ Anh Tuấn,150974,08/2021/TT-BTC,metadata,1.0,"Trích từ metadata.csv: nguoi_ky='Tạ Anh Tuấn', chuc_danh='Thứ trưởng'"
ENT_0132,LinhVuc,Kế toán - Kiểm toán,"Kế toán, kiểm toán",150974,08/2021/TT-BTC,metadata,1.0,"Trích từ metadata.csv: linh_vuc='Kế toán, kiểm toán'"
ENT_0133,DoiTuongApDung,Doanh nghiệp,doanh nghiệp,150974,08/2021/TT-BTC,gemini,0.95,"Chuẩn mực kiểm toán nội bộ Việt Nam và các nguyên tắc đạo đức nghề nghiệp kiểm toán nội bộ áp dụng đối với các doanh nghiệp, cơ quan nhà nước, đơn vị sự nghiệp công lập quy định tại Điều 8, Điều 9, Điều 10 Nghị định số 05/2019/NĐ-CP"
ENT_0134,DoiTuongApDung,Cơ quan nhà nước,cơ quan nhà nước,150974,08/2021/TT-BTC,gemini,0.95,"Chuẩn mực kiểm toán nội bộ Việt Nam và các nguyên tắc đạo đức nghề nghiệp kiểm toán nội bộ áp dụng đối với các doanh nghiệp, cơ quan nhà nước, đơn vị sự nghiệp công lập quy định tại Điều 8, Điều 9, Điều 10 Nghị định số 05/2019/NĐ-CP"
ENT_0135,DoiTuongApDung,Đơn vị sự nghiệp công lập,đơn vị sự nghiệp công lập,150974,08/2021/TT-BTC,gemini,0.95,"Chuẩn mực kiểm toán nội bộ Việt Nam và các nguyên tắc đạo đức nghề nghiệp kiểm toán nội bộ áp dụng đối với các doanh nghiệp, cơ quan nhà nước, đơn vị sự nghiệp công lập quy định tại Điều 8, Điều 9, Điều 10 Nghị định số 05/2019/NĐ-CP"
ENT_0136,DoiTuongApDung,Tổ chức cá nhân có liên quan trong hoạt động kiểm toán nội bộ,tổ chức cá nhân có liên quan trong hoạt động kiểm toán nội bộ,150974,08/2021/TT-BTC,gemini,0.95,và các tổ chức cá nhân có liên quan trong hoạt động kiểm toán nội bộ của các đơn vị này.
ENT_0137,CoQuan,Ngân hàng Nhà nước Việt Nam,Ngân hàng Nhà nước Việt Nam,164719,22/2023/TT-NHNN,metadata,1.0,Trích từ metadata.csv: co_quan_ban_hanh='Ngân hàng Nhà nước Việt Nam'
ENT_0138,NguoiKy,Đoàn Thái Sơn,Đoàn Thái Sơn,164719,22/2023/TT-NHNN,metadata,1.0,"Trích từ metadata.csv: nguoi_ky='Đoàn Thái Sơn', chuc_danh='Phó Thống đốc Ngân hàng Nhà nước Việt Nam'"
ENT_0139,LinhVuc,"Thanh tra, giám sát ngân hàng","Thanh tra, giám sát ngân hàng",164719,22/2023/TT-NHNN,metadata,1.0,"Trích từ metadata.csv: linh_vuc='Thanh tra, giám sát ngân hàng'"
ENT_0140,DoiTuongApDung,Ngân hàng,Ngân hàng,164719,22/2023/TT-NHNN,gemini,0.95,"quy định tỷ lệ an toàn vốn đối với ngân hàng, chi nhánh ngân hàng nước ngoài"
ENT_0141,DoiTuongApDung,Chi nhánh ngân hàng nước ngoài,Chi nhánh ngân hàng nước ngoài,164719,22/2023/TT-NHNN,gemini,0.95,"quy định tỷ lệ an toàn vốn đối với ngân hàng, chi nhánh ngân hàng nước ngoài"
ENT_0142,LinhVuc,Ngân hàng,Ngân hàng,164719,22/2023/TT-NHNN,gemini,0.95,"quy định tỷ lệ an toàn vốn đối với ngân hàng, chi nhánh ngân hàng nước ngoài"
ENT_0143,CoQuan,Ngân hàng Nhà nước Việt Nam,Ngân hàng Nhà nước Việt Nam,173695,56/2024/TT-NHNN,metadata,1.0,Trích từ metadata.csv: co_quan_ban_hanh='Ngân hàng Nhà nước Việt Nam'
ENT_0144,NguoiKy,Đoàn Thái Sơn,Đoàn Thái Sơn,173695,56/2024/TT-NHNN,metadata,1.0,"Trích từ metadata.csv: nguoi_ky='Đoàn Thái Sơn', chuc_danh='Phó Thống đốc'"
ENT_0145,LinhVuc,"Thanh tra, giám sát ngân hàng","Thanh tra, giám sát ngân hàng",173695,56/2024/TT-NHNN,metadata,1.0,"Trích từ metadata.csv: linh_vuc='Thanh tra, giám sát ngân hàng'"
ENT_0146,DoiTuongApDung,Ngân hàng thương mại,Ngân hàng thương mại,173695,56/2024/TT-NHNN,gemini,0.98,1. Ngân hàng thương mại.
ENT_0147,DoiTuongApDung,Chi nhánh ngân hàng nước ngoài,Chi nhánh ngân hàng nước ngoài,173695,56/2024/TT-NHNN,gemini,0.98,2. Chi nhánh ngân hàng nước ngoài.
ENT_0148,DoiTuongApDung,Văn phòng đại diện của tổ chức tín dụng nước ngoài tại Việt Nam,"Văn phòng đại diện tại Việt Nam của tổ chức tín dụng nước ngoài, tổ chức nước ngoài khác có hoạt động ngân hàng",173695,56/2024/TT-NHNN,gemini,0.98,"3. Văn phòng đại diện tại Việt Nam của tổ chức tín dụng nước ngoài, tổ chức nước ngoài khác có hoạt động ngân hàng (sau đây gọi là văn phòng đại diện nước ngoài)."
ENT_0149,DoiTuongApDung,"Các tổ chức, cá nhân có liên quan đến hồ sơ, thủ tục cấp Giấy phép lần đầu của ngân hàng thương mại, chi nhánh ngân hàng nước ngoài và văn phòng đại diện nước ngoài","Các tổ chức, cá nhân có liên quan đến hồ sơ, thủ tục cấp Giấy phép lần đầu của ngân hàng thương mại, chi nhánh ngân hàng nước ngoài và văn phòng đại diện nước ngoài",173695,56/2024/TT-NHNN,gemini,0.95,"4. Các tổ chức, cá nhân có liên quan đến hồ sơ, thủ tục cấp Giấy phép lần đầu của ngân hàng thương mại, chi nhánh ngân hàng nước ngoài và văn phòng đại diện nước ngoài."
ENT_0150,LinhVuc,Ngân hàng,Ngân hàng,173695,56/2024/TT-NHNN,gemini,0.95,"Thống đốc Ngân hàng Nhà nước Việt Nam ban hành Thông tư quy định hồ sơ, thủ tục cấp Giấy phép lần đầu của ngân hàng thương mại, chi nhánh ngân hàng nước ngoài, văn phòng đại diện nước ngoài."
ENT_0151,CoQuan,Ngân hàng Nhà nước Việt Nam,Ngân hàng Nhà nước Việt Nam,186482,69/2025/TT-NHNN,metadata,1.0,Trích từ metadata.csv: co_quan_ban_hanh='Ngân hàng Nhà nước Việt Nam'
ENT_0152,NguoiKy,Đoàn Thái Sơn,Đoàn Thái Sơn,186482,69/2025/TT-NHNN,metadata,1.0,"Trích từ metadata.csv: nguoi_ky='Đoàn Thái Sơn', chuc_danh='Phó Thống đốc'"
ENT_0153,LinhVuc,"Thanh tra, giám sát ngân hàng",Cục An toàn hệ thống các tổ chức tín dụng,186482,69/2025/TT-NHNN,metadata,1.0,Trích từ metadata.csv: linh_vuc='Cục An toàn hệ thống các tổ chức tín dụng'
ENT_0154,DoiTuongApDung,Các đơn vị thuộc Ngân hàng Nhà nước Việt Nam,Các đơn vị thuộc Ngân hàng Nhà nước Việt Nam,186482,69/2025/TT-NHNN,gemini,0.95,"Thủ trưởng các đơn vị thuộc Ngân hàng Nhà nước Việt Nam, tổ chức tín dụng, chi nhánh ngân hàng nước ngoài, Công ty quản lý tài sản của các tổ chức tín dụng Việt Nam chịu trách nhiệm thực hiện Thông tư này."
ENT_0155,DoiTuongApDung,Tổ chức tín dụng,Tổ chức tín dụng,186482,69/2025/TT-NHNN,gemini,0.95,"Thủ trưởng các đơn vị thuộc Ngân hàng Nhà nước Việt Nam, tổ chức tín dụng, chi nhánh ngân hàng nước ngoài, Công ty quản lý tài sản của các tổ chức tín dụng Việt Nam chịu trách nhiệm thực hiện Thông tư này."
ENT_0156,DoiTuongApDung,Chi nhánh ngân hàng nước ngoài,Chi nhánh ngân hàng nước ngoài,186482,69/2025/TT-NHNN,gemini,0.95,"Thủ trưởng các đơn vị thuộc Ngân hàng Nhà nước Việt Nam, tổ chức tín dụng, chi nhánh ngân hàng nước ngoài, Công ty quản lý tài sản của các tổ chức tín dụng Việt Nam chịu trách nhiệm thực hiện Thông tư này."
ENT_0157,DoiTuongApDung,Công ty quản lý tài sản của các tổ chức tín dụng Việt Nam,Công ty quản lý tài sản của các tổ chức tín dụng Việt Nam,186482,69/2025/TT-NHNN,gemini,0.95,"Thủ trưởng các đơn vị thuộc Ngân hàng Nhà nước Việt Nam, tổ chức tín dụng, chi nhánh ngân hàng nước ngoài, Công ty quản lý tài sản của các tổ chức tín dụng Việt Nam chịu trách nhiệm thực hiện Thông tư này."
ENT_0158,LinhVuc,Ngân hàng,Ngân hàng,186482,69/2025/TT-NHNN,gemini,0.9,"trong lĩnh vực quản lý, giám sát ngân hàng liên quan đến cắt giảm điều kiện kinh doanh, đơn giản hóa thủ tục hành chính"
ENT_0159,CoQuan,Bộ Tài chính,Bộ Tài chính,112924,105/2016/TT-BTC,metadata,1.0,Trích từ metadata.csv: co_quan_ban_hanh='Bộ Tài chính'
ENT_0160,NguoiKy,Trần Xuân Hà,Trần Xuân Hà,112924,105/2016/TT-BTC,metadata,1.0,"Trích từ metadata.csv: nguoi_ky='Trần Xuân Hà', chuc_danh='Thứ trưởng'"
ENT_0161,DoiTuongApDung,Tổ chức kinh doanh chứng khoán,Tổ chức kinh doanh chứng khoán,112924,105/2016/TT-BTC,gemini,0.95,"Thông tư này áp dụng đối với tổ chức kinh doanh chứng khoán, quỹ đầu tư chứng khoán, công ty đầu tư chứng khoán, doanh nghiệp kinh doanh bảo hiểm"
ENT_0162,DoiTuongApDung,Quỹ đầu tư chứng khoán,Quỹ đầu tư chứng khoán,112924,105/2016/TT-BTC,gemini,0.95,"Thông tư này áp dụng đối với tổ chức kinh doanh chứng khoán, quỹ đầu tư chứng khoán, công ty đầu tư chứng khoán, doanh nghiệp kinh doanh bảo hiểm"
ENT_0163,DoiTuongApDung,Công ty đầu tư chứng khoán,Công ty đầu tư chứng khoán,112924,105/2016/TT-BTC,gemini,0.95,"Thông tư này áp dụng đối với tổ chức kinh doanh chứng khoán, quỹ đầu tư chứng khoán, công ty đầu tư chứng khoán, doanh nghiệp kinh doanh bảo hiểm"
ENT_0164,DoiTuongApDung,Doanh nghiệp kinh doanh bảo hiểm,Doanh nghiệp kinh doanh bảo hiểm,112924,105/2016/TT-BTC,gemini,0.95,"Thông tư này áp dụng đối với tổ chức kinh doanh chứng khoán, quỹ đầu tư chứng khoán, công ty đầu tư chứng khoán, doanh nghiệp kinh doanh bảo hiểm"
ENT_0165,DoiTuongApDung,"Các cơ quan, tổ chức, cá nhân có liên quan đến hoạt động đầu tư gián tiếp ra nước ngoài","Các cơ quan, tổ chức, cá nhân có liên quan đến hoạt động đầu tư gián tiếp ra nước ngoài",112924,105/2016/TT-BTC,gemini,0.92,"và các cơ quan, tổ chức, cá nhân có liên quan đến hoạt động đầu tư gián tiếp ra nước ngoài."
ENT_0166,LinhVuc,Chứng khoán,Chứng khoán,112924,105/2016/TT-BTC,gemini,0.95,"THÔNG TƯ HƯỚNG DẪN HOẠT ĐỘNG ĐẦU TƯ GIÁN TIẾP RA NƯỚC NGOÀI CỦA TỔ CHỨC KINH DOANH CHỨNG KHOÁN, QUỸ ĐẦU TƯ CHỨNG KHOÁN, CÔNG TY ĐẦU TƯ CHỨNG KHOÁN"
ENT_0167,LinhVuc,Bảo hiểm,Bảo hiểm,112924,105/2016/TT-BTC,gemini,0.95,VÀ DOANH NGHIỆP KINH DOANH BẢO HIỂM
ENT_0168,LinhVuc,Quản lý ngoại hối,Quản lý ngoại hối,112924,105/2016/TT-BTC,gemini,0.9,Căn cứ Nghị định số 135/2015/NĐ-CP ngày 31 tháng 12 năm 2015 của Chính phủ quy định về đầu tư gián tiếp ra nước ngoài;
ENT_0169,CoQuan,Ngân hàng Nhà nước Việt Nam,Ngân hàng Nhà nước Việt Nam,174218,62/2024/TT-NHNN,metadata,1.0,Trích từ metadata.csv: co_quan_ban_hanh='Ngân hàng Nhà nước Việt Nam'
ENT_0170,NguoiKy,Đoàn Thái Sơn,Đoàn Thái Sơn,174218,62/2024/TT-NHNN,metadata,1.0,"Trích từ metadata.csv: nguoi_ky='Đoàn Thái Sơn', chuc_danh='Phó Thống đốc'"
ENT_0171,LinhVuc,"Thanh tra, giám sát ngân hàng","Thanh tra, giám sát ngân hàng",174218,62/2024/TT-NHNN,metadata,1.0,"Trích từ metadata.csv: linh_vuc='Thanh tra, giám sát ngân hàng'"
ENT_0172,DoiTuongApDung,Ngân hàng thương mại,Ngân hàng thương mại,174218,62/2024/TT-NHNN,gemini,0.95,a) Ngân hàng thương mại;
ENT_0173,DoiTuongApDung,Tổ chức tín dụng phi ngân hàng,Tổ chức tín dụng phi ngân hàng,174218,62/2024/TT-NHNN,gemini,0.95,b) Tổ chức tín dụng phi ngân hàng bao gồm công ty tài chính tổng hợp và công ty tài chính chuyên ngành.
ENT_0174,DoiTuongApDung,"Tổ chức, cá nhân có liên quan đến việc tổ chức lại tổ chức tín dụng","Tổ chức, cá nhân có liên quan đến việc tổ chức lại tổ chức tín dụng",174218,62/2024/TT-NHNN,gemini,0.92,"2. Tổ chức, cá nhân có liên quan đến việc tổ chức lại tổ chức tín dụng."
ENT_0175,LinhVuc,Ngân hàng,Ngân hàng,174218,62/2024/TT-NHNN,gemini,0.95,"Thống đốc Ngân hàng Nhà nước Việt Nam ban hành Thông tư quy định điều kiện, hồ sơ, thủ tục chấp thuận việc tổ chức lại ngân hàng thương mại, tổ chức tín dụng phi ngân hàng."
ENT_0176,CoQuan,Ngân hàng Nhà nước Việt Nam,Ngân hàng Nhà nước Việt Nam,186888,62/2025/TT-NHNN,metadata,1.0,Trích từ metadata.csv: co_quan_ban_hanh='Ngân hàng Nhà nước Việt Nam'
ENT_0177,NguoiKy,Đoàn Thái Sơn,Đoàn Thái Sơn,186888,62/2025/TT-NHNN,metadata,1.0,"Trích từ metadata.csv: nguoi_ky='Đoàn Thái Sơn', chuc_danh='Phó Thống đốc'"
ENT_0178,LinhVuc,"Thanh tra, giám sát ngân hàng",Cục An toàn hệ thống các tổ chức tín dụng,186888,62/2025/TT-NHNN,metadata,1.0,Trích từ metadata.csv: linh_vuc='Cục An toàn hệ thống các tổ chức tín dụng'
ENT_0179,DoiTuongApDung,Tổ chức tín dụng là hợp tác xã,Tổ chức tín dụng là hợp tác xã,186888,62/2025/TT-NHNN,gemini,0.95,"1. Tổ chức tín dụng là hợp tác xã bao gồm ngân hàng hợp tác xã, quỹ tín dụng nhân dân."
ENT_0180,DoiTuongApDung,Tổ chức tài chính vi mô,Tổ chức tài chính vi mô,186888,62/2025/TT-NHNN,gemini,0.95,2. Tổ chức tài chính vi mô.
ENT_0181,DoiTuongApDung,"Tổ chức, cá nhân có liên quan đến hệ thống kiểm soát nội bộ của tổ chức tín dụng","Tổ chức, cá nhân có liên quan đến hệ thống kiểm soát nội bộ của tổ chức tín dụng",186888,62/2025/TT-NHNN,gemini,0.92,"3. Tổ chức, cá nhân có liên quan đến hệ thống kiểm soát nội bộ của tổ chức tín dụng."
ENT_0182,LinhVuc,Ngân hàng,Ngân hàng,186888,62/2025/TT-NHNN,gemini,0.95,"Quy định về hệ thống kiểm soát nội bộ của tổ chức tín dụng là hợp tác xã, tổ chức tài chính vi mô"
ENT_0183,CoQuan,Ngân hàng Nhà nước Việt Nam,Ngân hàng Nhà nước Việt Nam,6e689cd0-6f81-11f1-94d6-fd5d6d5ff793,52/VBHN-NHNN,metadata,1.0,Trích từ metadata.csv: co_quan_ban_hanh='Ngân hàng Nhà nước Việt Nam'
ENT_0184,NguoiKy,Đoàn Thái Sơn,Đoàn Thái Sơn,6e689cd0-6f81-11f1-94d6-fd5d6d5ff793,52/VBHN-NHNN,metadata,1.0,"Trích từ metadata.csv: nguoi_ky='Đoàn Thái Sơn', chuc_danh='Phó Thống đốc'"
ENT_0185,DoiTuongApDung,Ngân hàng thương mại,Ngân hàng thương mại,6e689cd0-6f81-11f1-94d6-fd5d6d5ff793,52/VBHN-NHNN,gemini,0.98,"Điều 2. Đối tượng áp dụng
Thông tư này áp dụng đối với:
1. Ngân hàng thương mại."
ENT_0186,DoiTuongApDung,Chi nhánh ngân hàng nước ngoài,Chi nhánh ngân hàng nước ngoài,6e689cd0-6f81-11f1-94d6-fd5d6d5ff793,52/VBHN-NHNN,gemini,0.95,"Quy định hồ sơ, thủ tục cấp Giấy phép lần đầu của ngân hàng thương mại, chi nhánh ngân hàng nước ngoài, văn phòng đại diện nước ngoài"
ENT_0187,DoiTuongApDung,Văn phòng đại diện của tổ chức tín dụng nước ngoài tại Việt Nam,Văn phòng đại diện nước ngoài,6e689cd0-6f81-11f1-94d6-fd5d6d5ff793,52/VBHN-NHNN,gemini,0.95,"Quy định hồ sơ, thủ tục cấp Giấy phép lần đầu của ngân hàng thương mại, chi nhánh ngân hàng nước ngoài, văn phòng đại diện nước ngoài"
ENT_0188,LinhVuc,Ngân hàng,Ngân hàng,6e689cd0-6f81-11f1-94d6-fd5d6d5ff793,52/VBHN-NHNN,gemini,0.95,thực hiện thủ tục hành chính trong lĩnh vực thành lập và hoạt động ngân hàng
ENT_0189,CoQuan,Ngân hàng Nhà nước Việt Nam,Ngân hàng Nhà nước Việt Nam,185630,63/2025/TT-NHNN,metadata,1.0,Trích từ metadata.csv: co_quan_ban_hanh='Ngân hàng Nhà nước Việt Nam'
ENT_0190,NguoiKy,Đoàn Thái Sơn,Đoàn Thái Sơn,185630,63/2025/TT-NHNN,metadata,1.0,"Trích từ metadata.csv: nguoi_ky='Đoàn Thái Sơn', chuc_danh='Phó Thống đốc'"
ENT_0191,LinhVuc,"Lao động, tiền lương, tiền công","Lao động, tiền lương, tiền công",185630,63/2025/TT-NHNN,metadata,1.0,"Trích từ metadata.csv: linh_vuc='Lao động, tiền lương, tiền công'"
ENT_0192,DoiTuongApDung,Các đơn vị thuộc Ngân hàng Nhà nước Việt Nam,Các đơn vị thuộc Ngân hàng Nhà nước Việt Nam,185630,63/2025/TT-NHNN,gemini,0.95,"Thủ trưởng các đơn vị thuộc Ngân hàng Nhà nước Việt Nam, ngân hàng hợp tác xã, quỹ tín dụng nhân dân có trách nhiệm tổ chức thực hiện Thông tư này."
ENT_0193,DoiTuongApDung,Ngân hàng hợp tác xã,Ngân hàng hợp tác xã,185630,63/2025/TT-NHNN,gemini,0.95,"Thủ trưởng các đơn vị thuộc Ngân hàng Nhà nước Việt Nam, ngân hàng hợp tác xã, quỹ tín dụng nhân dân có trách nhiệm tổ chức thực hiện Thông tư này."
ENT_0194,DoiTuongApDung,Quỹ tín dụng nhân dân,Quỹ tín dụng nhân dân,185630,63/2025/TT-NHNN,gemini,0.95,"Thủ trưởng các đơn vị thuộc Ngân hàng Nhà nước Việt Nam, ngân hàng hợp tác xã, quỹ tín dụng nhân dân có trách nhiệm tổ chức thực hiện Thông tư này."
ENT_0195,LinhVuc,Ngân hàng,Ngân hàng,185630,63/2025/TT-NHNN,gemini,0.96,"Sửa đổi, bổ sung một số điều của một số Thông tư về quỹ tín dụng nhân dân"
ENT_0196,LinhVuc,Tín dụng,Tín dụng,185630,63/2025/TT-NHNN,gemini,0.95,"Sửa đổi, bổ sung một số điều của một số Thông tư về quỹ tín dụng nhân dân"
ENT_0197,CoQuan,Ngân hàng Nhà nước Việt Nam,Ngân hàng Nhà nước Việt Nam,117310,41/2016/TT-NHNN,metadata,1.0,Trích từ metadata.csv: co_quan_ban_hanh='Ngân hàng Nhà nước Việt Nam'
ENT_0198,NguoiKy,Nguyễn Đồng Tiến,Nguyễn Đồng Tiến,117310,41/2016/TT-NHNN,metadata,1.0,"Trích từ metadata.csv: nguoi_ky='Nguyễn Đồng Tiến', chuc_danh='Phó Thống đốc'"
ENT_0199,LinhVuc,"Thanh tra, giám sát ngân hàng","Thanh tra, giám sát ngân hàng",117310,41/2016/TT-NHNN,metadata,1.0,"Trích từ metadata.csv: linh_vuc='Thanh tra, giám sát ngân hàng'"
ENT_0200,DoiTuongApDung,Ngân hàng thương mại nhà nước,Ngân hàng thương mại nhà nước,117310,41/2016/TT-NHNN,gemini,0.95,"a) Ngân hàng: Ngân hàng thương mại nhà nước, ngân hàng thương mại cổ phần, ngân hàng liên doanh, ngân hàng 100% vốn nước ngoài;"
ENT_0201,DoiTuongApDung,Ngân hàng thương mại cổ phần,Ngân hàng thương mại cổ phần,117310,41/2016/TT-NHNN,gemini,0.95,"a) Ngân hàng: Ngân hàng thương mại nhà nước, ngân hàng thương mại cổ phần, ngân hàng liên doanh, ngân hàng 100% vốn nước ngoài;"
ENT_0202,DoiTuongApDung,Ngân hàng liên doanh,Ngân hàng liên doanh,117310,41/2016/TT-NHNN,gemini,0.95,"a) Ngân hàng: Ngân hàng thương mại nhà nước, ngân hàng thương mại cổ phần, ngân hàng liên doanh, ngân hàng 100% vốn nước ngoài;"
ENT_0203,DoiTuongApDung,Ngân hàng 100% vốn nước ngoài,Ngân hàng 100% vốn nước ngoài,117310,41/2016/TT-NHNN,gemini,0.95,"a) Ngân hàng: Ngân hàng thương mại nhà nước, ngân hàng thương mại cổ phần, ngân hàng liên doanh, ngân hàng 100% vốn nước ngoài;"
ENT_0204,DoiTuongApDung,Chi nhánh ngân hàng nước ngoài,Chi nhánh ngân hàng nước ngoài,117310,41/2016/TT-NHNN,gemini,0.95,b) Chi nhánh ngân hàng nước ngoài.
ENT_0205,LinhVuc,Ngân hàng,Ngân hàng,117310,41/2016/TT-NHNN,gemini,0.95,"Quy định tỷ lệ an toàn vốn đối với ngân hàng, chi nhánh ngân hàng nước ngoài"
ENT_0206,CoQuan,Quốc hội,Quốc hội,166269,17/2023/QH15,metadata,1.0,Trích từ metadata.csv: co_quan_ban_hanh='Quốc hội'
ENT_0207,NguoiKy,Vương Đình Huệ,Vương Đình Huệ,166269,17/2023/QH15,metadata,1.0,"Trích từ metadata.csv: nguoi_ky='Vương Đình Huệ', chuc_danh='Chủ tịch Quốc hội'"
ENT_0208,DoiTuongApDung,"Tổ hợp tác, hợp tác xã, liên hiệp hợp tác xã","Tổ hợp tác, hợp tác xã, liên hiệp hợp tác xã",166269,17/2023/QH15,gemini,0.98,"1. Tổ hợp tác, hợp tác xã, liên hiệp hợp tác xã."
ENT_0209,DoiTuongApDung,"Thành viên của tổ hợp tác, hợp tác xã, liên hiệp hợp tác xã","Thành viên của tổ hợp tác, hợp tác xã, liên hiệp hợp tác xã",166269,17/2023/QH15,gemini,0.98,"2. Thành viên của tổ hợp tác, hợp tác xã, liên hiệp hợp tác xã."
ENT_0210,DoiTuongApDung,"Cơ quan, tổ chức, cá nhân có liên quan đến thành lập, tổ chức quản lý, tổ chức lại, giải thể, phá sản và hoạt động có liên quan của tổ hợp tác, hợp tác xã, liên hiệp hợp tác xã","Cơ quan, tổ chức, cá nhân có liên quan đến thành lập, tổ chức quản lý, tổ chức lại, giải thể, phá sản và hoạt động có liên quan của tổ hợp tác, hợp tác xã, liên hiệp hợp tác xã",166269,17/2023/QH15,gemini,0.95,"3. Cơ quan, tổ chức, cá nhân có liên quan đến thành lập, tổ chức quản lý, tổ chức lại, giải thể, phá sản và hoạt động có liên quan của tổ hợp tác, hợp tác xã, liên hiệp hợp tác xã."
ENT_0211,LinhVuc,Hợp tác xã,Hợp tác xã,166269,17/2023/QH15,gemini,0.95,"Luật này quy định về thành lập, tổ chức quản lý, tổ chức lại, giải thể, phá sản và hoạt động có liên quan của tổ hợp tác, hợp tác xã, liên hiệp hợp tác xã"
ENT_0212,CoQuan,Ngân hàng Nhà nước Việt Nam,Ngân hàng Nhà nước Việt Nam,177271,01/2025/TT-NHNN,metadata,1.0,Trích từ metadata.csv: co_quan_ban_hanh='Ngân hàng Nhà nước Việt Nam'
ENT_0213,NguoiKy,Đoàn Thái Sơn,Đoàn Thái Sơn,177271,01/2025/TT-NHNN,metadata,1.0,"Trích từ metadata.csv: nguoi_ky='Đoàn Thái Sơn', chuc_danh='Phó Thống đốc'"
ENT_0214,LinhVuc,"Thanh tra, giám sát ngân hàng",Cục An toàn hệ thống các tổ chức tín dụng,177271,01/2025/TT-NHNN,metadata,1.0,Trích từ metadata.csv: linh_vuc='Cục An toàn hệ thống các tổ chức tín dụng'
ENT_0215,DoiTuongApDung,Quỹ tín dụng nhân dân,Quỹ tín dụng nhân dân,177271,01/2025/TT-NHNN,gemini,0.95,1. Quỹ tín dụng nhân dân.
ENT_0216,DoiTuongApDung,"Tổ chức, cá nhân có liên quan đến việc cấp Giấy phép lần đầu, cấp đổi Giấy phép của quỹ tín dụng nhân dân, cấp bản sao Giấy phép từ sổ gốc","Tổ chức, cá nhân có liên quan đến việc cấp Giấy phép lần đầu, cấp đổi Giấy phép của quỹ tín dụng nhân dân, cấp bản sao Giấy phép từ sổ gốc",177271,01/2025/TT-NHNN,gemini,0.95,"2. Tổ chức, cá nhân có liên quan đến việc cấp Giấy phép lần đầu, cấp đổi Giấy phép của quỹ tín dụng nhân dân, cấp bản sao Giấy phép từ sổ gốc."
ENT_0217,LinhVuc,Ngân hàng,Ngân hàng,177271,01/2025/TT-NHNN,gemini,0.95,"Thống đốc Ngân hàng Nhà nước Việt Nam ban hành Thông tư quy định về cấp Giấy phép lần đầu, cấp đổi Giấy phép của quỹ tín dụng nhân dân."
ENT_0218,LinhVuc,Tín dụng,Tín dụng,177271,01/2025/TT-NHNN,gemini,0.92,"Quy định về cấp Giấy phép lần đầu, cấp đổi Giấy phép của quỹ tín dụng nhân dân"
ENT_0219,CoQuan,Ngân hàng Nhà nước Việt Nam,Ngân hàng Nhà nước Việt Nam,44209,01/2014/TT-NHNN,metadata,1.0,Trích từ metadata.csv: co_quan_ban_hanh='Ngân hàng Nhà nước Việt Nam'
ENT_0220,NguoiKy,Đào Minh Tú,Đào Minh Tú,44209,01/2014/TT-NHNN,metadata,1.0,"Trích từ metadata.csv: nguoi_ky='Đào Minh Tú', chuc_danh='Phó Thống đốc'"
ENT_0221,LinhVuc,Phát hành và kho quỹ,Phát hành và kho quỹ,44209,01/2014/TT-NHNN,metadata,1.0,Trích từ metadata.csv: linh_vuc='Phát hành và kho quỹ'
ENT_0222,DoiTuongApDung,Ngân hàng Nhà nước Việt Nam,Ngân hàng Nhà nước Việt Nam,44209,01/2014/TT-NHNN,gemini,0.95,1. Ngân hàng Nhà nước Việt Nam (sau đây gọi tắt là Ngân hàng Nhà nước).
ENT_0223,DoiTuongApDung,Tổ chức tín dụng,Tổ chức tín dụng,44209,01/2014/TT-NHNN,gemini,0.95,"2. Tổ chức tín dụng, chi nhánh ngân hàng nước ngoài."
ENT_0224,DoiTuongApDung,Chi nhánh ngân hàng nước ngoài,Chi nhánh ngân hàng nước ngoài,44209,01/2014/TT-NHNN,gemini,0.95,"2. Tổ chức tín dụng, chi nhánh ngân hàng nước ngoài."
ENT_0225,DoiTuongApDung,"Khách hàng trong quan hệ giao dịch tiền mặt, tài sản quý, giấy tờ có giá với Ngân hàng Nhà nước, tổ chức tín dụng, chi nhánh ngân hàng nước ngoài","Khách hàng trong quan hệ giao dịch tiền mặt, tài sản quý, giấy tờ có giá với Ngân hàng Nhà nước, tổ chức tín dụng, chi nhánh ngân hàng nước ngoài",44209,01/2014/TT-NHNN,gemini,0.92,"3. Khách hàng trong quan hệ giao dịch tiền mặt, tài sản quý, giấy tờ có giá với Ngân hàng Nhà nước, tổ chức tín dụng, chi nhánh ngân hàng nước ngoài."
ENT_0226,CoQuan,Quốc hội,Quốc hội,25692,46/2010/QH12,metadata,1.0,Trích từ metadata.csv: co_quan_ban_hanh='Quốc hội'
ENT_0227,NguoiKy,Nguyễn Phú Trọng,Nguyễn Phú Trọng,25692,46/2010/QH12,metadata,1.0,"Trích từ metadata.csv: nguoi_ky='Nguyễn Phú Trọng', chuc_danh='Chủ tịch Quốc hội'"
ENT_0228,DoiTuongApDung,Ngân hàng Nhà nước Việt Nam,Ngân hàng Nhà nước Việt Nam,25692,46/2010/QH12,gemini,0.98,Luật này quy định về tổ chức và hoạt động của Ngân hàng Nhà nước Việt Nam.
ENT_0229,DoiTuongApDung,Tổ chức tín dụng,Tổ chức tín dụng,25692,46/2010/QH12,gemini,0.95,bảo đảm an toàn hoạt động ngân hàng và hệ thống các tổ chức tín dụng
ENT_0230,DoiTuongApDung,Chính phủ,Chính phủ,25692,46/2010/QH12,gemini,0.92,cung ứng dịch vụ tiền tệ cho Chính phủ.
ENT_0231,DoiTuongApDung,Các đơn vị thuộc Ngân hàng Nhà nước Việt Nam,Các đơn vị thuộc hệ thống Ngân hàng Nhà nước,25692,46/2010/QH12,gemini,0.9,Thực hiện kiểm toán tất cả các đơn vị thuộc hệ thống Ngân hàng Nhà nước
ENT_0232,LinhVuc,Ngân hàng,Ngân hàng,25692,46/2010/QH12,gemini,0.98,"thực hiện chức năng quản lý nhà nước về tiền tệ, hoạt động ngân hàng và ngoại hối"
ENT_0233,LinhVuc,Quản lý ngoại hối,Quản lý ngoại hối,25692,46/2010/QH12,gemini,0.95,"thực hiện chức năng quản lý nhà nước về tiền tệ, hoạt động ngân hàng và ngoại hối"
ENT_0234,LinhVuc,Tiền tệ,Tiền tệ,25692,46/2010/QH12,gemini,0.95,"Thủ tướng Chính phủ, Thống đốc Ngân hàng Nhà nước quyết định việc sử dụng các công cụ và biện pháp điều hành để thực hiện mục tiêu chính sách tiền tệ quốc gia"
