document_id,so_ky_hieu,entity,entity_type,source,method,confidence,evidence
166170,32/2024/QH15,Quốc hội,CoQuan,metadata_raw,metadata,1.0,Trích từ metadata.csv: co_quan_ban_hanh='Quốc hội'
166170,32/2024/QH15,Vương Đình Huệ,NguoiKy,metadata_raw,metadata,1.0,"Trích từ metadata.csv: nguoi_ky='Vương Đình Huệ', chuc_danh='Chủ tịch Quốc hội'"
166170,32/2024/QH15,Tín dụng,LinhVuc,metadata_raw,metadata,1.0,Trích từ metadata.csv: linh_vuc='Tín dụng'
166170,32/2024/QH15,Quốc hội,CoQuan,content_clean,gemini,0.99,Quốc hội ban hành Luật Các tổ chức tín dụng.
166170,32/2024/QH15,Vương Đình Huệ,NguoiKy,content_clean,gemini,0.99,"CHỦ TỊCH QUỐC HỘI
Vương Đình Huệ"
166170,32/2024/QH15,Tổ chức tín dụng,DoiTuongApDung,content_clean,gemini,0.98,1. Tổ chức tín dụng.
166170,32/2024/QH15,Chi nhánh ngân hàng nước ngoài,DoiTuongApDung,content_clean,gemini,0.98,2. Chi nhánh ngân hàng nước ngoài.
166170,32/2024/QH15,"Văn phòng đại diện tại Việt Nam của tổ chức tín dụng nước ngoài, tổ chức nước ngoài khác có hoạt động ngân hàng",DoiTuongApDung,content_clean,gemini,0.98,"3. Văn phòng đại diện tại Việt Nam của tổ chức tín dụng nước ngoài, tổ chức nước ngoài khác có hoạt động ngân hàng (sau đây gọi là văn phòng đại diện nước ngoài)."
166170,32/2024/QH15,"Tổ chức mà Nhà nước sở hữu 100% vốn điều lệ có chức năng mua, bán, xử lý nợ",DoiTuongApDung,content_clean,gemini,0.98,"4. Tổ chức mà Nhà nước sở hữu 100% vốn điều lệ có chức năng mua, bán, xử lý nợ (sau đây gọi là tổ chức mua bán, xử lý nợ)."
166170,32/2024/QH15,"Cơ quan, tổ chức, cá nhân có liên quan đến việc thành lập, tổ chức, hoạt động, can thiệp sớm, kiểm soát đặc biệt, tổ chức lại, giải thể, phá sản tổ chức tín dụng; việc thành lập, tổ chức, hoạt động, can thiệp sớm, giải thể, chấm dứt hoạt động của chi nhánh ngân hàng nước ngoài; việc thành lập, hoạt động của văn phòng đại diện nước ngoài; việc xử lý nợ xấu, tài sản bảo đảm của khoản nợ xấu của tổ chức tín dụng, chi nhánh ngân hàng nước ngoài, tổ chức mua bán, xử lý nợ",DoiTuongApDung,content_clean,gemini,0.95,"5. Cơ quan, tổ chức, cá nhân có liên quan đến việc thành lập, tổ chức, hoạt động, can thiệp sớm, kiểm soát đặc biệt, tổ chức lại, giải thể, phá sản tổ chức tín dụng; việc thành lập, tổ chức, hoạt động, can thiệp sớm, giải thể, chấm dứt hoạt động của chi nhánh ngân hàng nước ngoài; việc thành lập, hoạt động của văn phòng đại diện nước ngoài; việc xử lý nợ xấu, tài sản bảo đảm của khoản nợ xấu của tổ chức tín dụng, chi nhánh ngân hàng nước ngoài, tổ chức mua bán, xử lý nợ."
166170,32/2024/QH15,Tín dụng,LinhVuc,content_clean,gemini,0.95,Luật Các tổ chức tín dụng
166170,32/2024/QH15,Ngân hàng,LinhVuc,content_clean,gemini,0.95,tổ chức nước ngoài khác có hoạt động ngân hàng
112025,73/2016/NĐ-CP,Chính phủ,CoQuan,metadata_raw,metadata,1.0,Trích từ metadata.csv: co_quan_ban_hanh='Chính phủ'
112025,73/2016/NĐ-CP,Nguyễn Xuân Phúc,NguoiKy,metadata_raw,metadata,1.0,"Trích từ metadata.csv: nguoi_ky='Nguyễn Xuân Phúc', chuc_danh='Thủ tướng'"
112025,73/2016/NĐ-CP,Chính phủ,CoQuan,content_clean,gemini,0.99,"CHÍNH PHỦ
CỘNG HÒA XÃ HỘI CHỦ NGHĨA VIỆT NAM"
112025,73/2016/NĐ-CP,Nguyễn Xuân Phúc,NguoiKy,content_clean,gemini,0.99,"TM. CHÍNH PHỦ
THỦ TƯỚNG CHÍNH PHỦ
(Đã ký)
Nguyễn Xuân Phúc"
112025,73/2016/NĐ-CP,Doanh nghiệp bảo hiểm,DoiTuongApDung,content_clean,gemini,0.95,a) Doanh nghiệp bảo hiểm;
112025,73/2016/NĐ-CP,Chi nhánh doanh nghiệp bảo hiểm phi nhân thọ nước ngoài,DoiTuongApDung,content_clean,gemini,0.95,b) Chi nhánh nước ngoài;
112025,73/2016/NĐ-CP,Doanh nghiệp môi giới bảo hiểm,DoiTuongApDung,content_clean,gemini,0.95,"c) Doanh nghiệp môi giới bảo hiểm, đại lý bảo hiểm;"
112025,73/2016/NĐ-CP,Đại lý bảo hiểm,DoiTuongApDung,content_clean,gemini,0.95,"c) Doanh nghiệp môi giới bảo hiểm, đại lý bảo hiểm;"
112025,73/2016/NĐ-CP,"Các tổ chức, cá nhân khác có liên quan",DoiTuongApDung,content_clean,gemini,0.9,"d) Các tổ chức, cá nhân khác có liên quan."
112025,73/2016/NĐ-CP,Bảo hiểm,LinhVuc,content_clean,gemini,0.98,"Nghị định quy định chi tiết thi hành Luật kinh doanh bảo hiểm và Luật sửa đổi, bổ sung một số điều của Luật kinh doanh bảo hiểm"
38128,37/2014/TT-NHNN,Ngân hàng Nhà nước Việt Nam,CoQuan,metadata_raw,metadata,1.0,Trích từ metadata.csv: co_quan_ban_hanh='Ngân hàng Nhà nước Việt Nam'
38128,37/2014/TT-NHNN,Đào Minh Tú,NguoiKy,metadata_raw,metadata,1.0,"Trích từ metadata.csv: nguoi_ky='Đào Minh Tú', chuc_danh='Phó Thống đốc'"
38128,37/2014/TT-NHNN,Phát hành và kho quỹ,LinhVuc,metadata_raw,metadata,1.0,Trích từ metadata.csv: linh_vuc='Phát hành và kho quỹ'
38128,37/2014/TT-NHNN,Ngân hàng Nhà nước Việt Nam,CoQuan,content_clean,gemini,0.99,NGÂN HÀNG NHÀ NƯỚC VIỆT NAM
38128,37/2014/TT-NHNN,Đào Minh Tú,NguoiKy,content_clean,gemini,0.98,"KT. THỐNG ĐỐC
PHÓ THỐNG ĐỐC
(Đã ký)
Đào Minh Tú"
38128,37/2014/TT-NHNN,Các đơn vị có liên quan thuộc Ngân hàng Nhà nước,DoiTuongApDung,content_clean,gemini,0.95,1. Các đơn vị có liên quan thuộc Ngân hàng Nhà nước.
38128,37/2014/TT-NHNN,Nhà máy in tiền Quốc gia,DoiTuongApDung,content_clean,gemini,0.95,2. Nhà máy in tiền Quốc gia.
38128,37/2014/TT-NHNN,"Tổ chức, cá nhân khác có liên quan đến công việc thiết kế mẫu tiền, chế tạo bản in, khuôn đúc và in, đúc tiền",DoiTuongApDung,content_clean,gemini,0.95,"3. Tổ chức, cá nhân khác có liên quan đến công việc thiết kế mẫu tiền, chế tạo bản in, khuôn đúc và in, đúc tiền."
38128,37/2014/TT-NHNN,Phát hành và kho quỹ,LinhVuc,content_clean,gemini,0.98,Theo đề nghị của Cục trưởng Cục Phát hành và Kho quỹ;
26750,67/2011/QH12,Quốc hội,CoQuan,metadata_raw,metadata,1.0,Trích từ metadata.csv: co_quan_ban_hanh='Quốc hội'
26750,67/2011/QH12,Nguyễn Phú Trọng,NguoiKy,metadata_raw,metadata,1.0,"Trích từ metadata.csv: nguoi_ky='Nguyễn Phú Trọng', chuc_danh='Chủ tịch Quốc hội'"
26750,67/2011/QH12,Quốc hội,CoQuan,content_clean,gemini,0.99,Quốc hội ban hành Luật Kiểm toán độc lập
26750,67/2011/QH12,Nguyễn Phú Trọng,NguoiKy,content_clean,gemini,0.99,"CHỦ TỊCH QUỐC HỘI
(Đã ký)
Nguyễn Phú Trọng"
26750,67/2011/QH12,Kiểm toán viên,DoiTuongApDung,content_clean,gemini,0.95,"Luật này áp dụng đối với kiểm toán viên, kiểm toán viên hành nghề, doanh nghiệp kiểm toán, chi nhánh doanh nghiệp kiểm toán nước ngoài tại Việt Nam, đơn vị được kiểm toán, tổ chức nghề nghiệp về kiểm toán và tổ chức, cá nhân khác có liên quan đến hoạt động kiểm toán độc lập."
26750,67/2011/QH12,Kiểm toán viên hành nghề,DoiTuongApDung,content_clean,gemini,0.95,"Luật này áp dụng đối với kiểm toán viên, kiểm toán viên hành nghề, doanh nghiệp kiểm toán, chi nhánh doanh nghiệp kiểm toán nước ngoài tại Việt Nam, đơn vị được kiểm toán, tổ chức nghề nghiệp về kiểm toán và tổ chức, cá nhân khác có liên quan đến hoạt động kiểm toán độc lập."
26750,67/2011/QH12,Doanh nghiệp kiểm toán,DoiTuongApDung,content_clean,gemini,0.95,"Luật này áp dụng đối với kiểm toán viên, kiểm toán viên hành nghề, doanh nghiệp kiểm toán, chi nhánh doanh nghiệp kiểm toán nước ngoài tại Việt Nam, đơn vị được kiểm toán, tổ chức nghề nghiệp về kiểm toán và tổ chức, cá nhân khác có liên quan đến hoạt động kiểm toán độc lập."
26750,67/2011/QH12,Chi nhánh doanh nghiệp kiểm toán nước ngoài tại Việt Nam,DoiTuongApDung,content_clean,gemini,0.95,"Luật này áp dụng đối với kiểm toán viên, kiểm toán viên hành nghề, doanh nghiệp kiểm toán, chi nhánh doanh nghiệp kiểm toán nước ngoài tại Việt Nam, đơn vị được kiểm toán, tổ chức nghề nghiệp về kiểm toán và tổ chức, cá nhân khác có liên quan đến hoạt động kiểm toán độc lập."
26750,67/2011/QH12,Đơn vị được kiểm toán,DoiTuongApDung,content_clean,gemini,0.95,"Luật này áp dụng đối với kiểm toán viên, kiểm toán viên hành nghề, doanh nghiệp kiểm toán, chi nhánh doanh nghiệp kiểm toán nước ngoài tại Việt Nam, đơn vị được kiểm toán, tổ chức nghề nghiệp về kiểm toán và tổ chức, cá nhân khác có liên quan đến hoạt động kiểm toán độc lập."
26750,67/2011/QH12,Tổ chức nghề nghiệp về kiểm toán,DoiTuongApDung,content_clean,gemini,0.95,"Luật này áp dụng đối với kiểm toán viên, kiểm toán viên hành nghề, doanh nghiệp kiểm toán, chi nhánh doanh nghiệp kiểm toán nước ngoài tại Việt Nam, đơn vị được kiểm toán, tổ chức nghề nghiệp về kiểm toán và tổ chức, cá nhân khác có liên quan đến hoạt động kiểm toán độc lập."
26750,67/2011/QH12,"Tổ chức, cá nhân khác có liên quan đến hoạt động kiểm toán độc lập",DoiTuongApDung,content_clean,gemini,0.95,"Luật này áp dụng đối với kiểm toán viên, kiểm toán viên hành nghề, doanh nghiệp kiểm toán, chi nhánh doanh nghiệp kiểm toán nước ngoài tại Việt Nam, đơn vị được kiểm toán, tổ chức nghề nghiệp về kiểm toán và tổ chức, cá nhân khác có liên quan đến hoạt động kiểm toán độc lập."
26750,67/2011/QH12,Kế toán - Kiểm toán,LinhVuc,content_clean,gemini,0.98,Luật Kiểm toán độc lập
163441,46/2023/NĐ-CP,Chính phủ,CoQuan,metadata_raw,metadata,1.0,Trích từ metadata.csv: co_quan_ban_hanh='Chính phủ'
163441,46/2023/NĐ-CP,Lê Minh Khái,NguoiKy,metadata_raw,metadata,1.0,"Trích từ metadata.csv: nguoi_ky='Lê Minh Khái', chuc_danh='Phó Thủ tướng Chính phủ'"
163441,46/2023/NĐ-CP,Bảo hiểm,LinhVuc,metadata_raw,metadata,1.0,Trích từ metadata.csv: linh_vuc='Bảo hiểm'
163441,46/2023/NĐ-CP,Chính phủ,CoQuan,content_clean,gemini,0.99,"CHÍNH PHỦ
_________
CỘNG HOÀ XÃ HỘI CHỦ NGHĨA VIỆT NAM"
163441,46/2023/NĐ-CP,Lê Minh Khái,NguoiKy,content_clean,gemini,0.95,"Người ký hiện tại: Lê Minh Khái
- Chức danh hiện tại: Phó Thủ tướng Chính phủ"
163441,46/2023/NĐ-CP,Doanh nghiệp bảo hiểm phi nhân thọ,DoiTuongApDung,content_clean,gemini,0.98,"Doanh nghiệp bảo hiểm phi nhân thọ, doanh nghiệp bảo hiểm nhân thọ, doanh nghiệp bảo hiểm sức khỏe"
163441,46/2023/NĐ-CP,Doanh nghiệp bảo hiểm nhân thọ,DoiTuongApDung,content_clean,gemini,0.98,"Doanh nghiệp bảo hiểm phi nhân thọ, doanh nghiệp bảo hiểm nhân thọ, doanh nghiệp bảo hiểm sức khỏe"
163441,46/2023/NĐ-CP,Doanh nghiệp bảo hiểm sức khỏe,DoiTuongApDung,content_clean,gemini,0.98,"Doanh nghiệp bảo hiểm phi nhân thọ, doanh nghiệp bảo hiểm nhân thọ, doanh nghiệp bảo hiểm sức khỏe"
163441,46/2023/NĐ-CP,Doanh nghiệp tái bảo hiểm,DoiTuongApDung,content_clean,gemini,0.98,"doanh nghiệp tái bảo hiểm, đại lý bảo hiểm, doanh nghiệp môi giới bảo hiểm"
163441,46/2023/NĐ-CP,Đại lý bảo hiểm,DoiTuongApDung,content_clean,gemini,0.98,"doanh nghiệp tái bảo hiểm, đại lý bảo hiểm, doanh nghiệp môi giới bảo hiểm"
163441,46/2023/NĐ-CP,Doanh nghiệp môi giới bảo hiểm,DoiTuongApDung,content_clean,gemini,0.98,"doanh nghiệp tái bảo hiểm, đại lý bảo hiểm, doanh nghiệp môi giới bảo hiểm"
163441,46/2023/NĐ-CP,"Tổ chức, cá nhân cung cấp dịch vụ phụ trợ bảo hiểm",DoiTuongApDung,content_clean,gemini,0.98,"tổ chức, cá nhân cung cấp dịch vụ phụ trợ bảo hiểm"
163441,46/2023/NĐ-CP,Tổ chức tương hỗ cung cấp bảo hiểm vi mô,DoiTuongApDung,content_clean,gemini,0.98,tổ chức tương hỗ cung cấp bảo hiểm vi mô
163441,46/2023/NĐ-CP,Chi nhánh doanh nghiệp bảo hiểm phi nhân thọ nước ngoài,DoiTuongApDung,content_clean,gemini,0.98,"Chi nhánh doanh nghiệp bảo hiểm phi nhân thọ nước ngoài, chi nhánh doanh nghiệp tái bảo hiểm nước ngoài"
163441,46/2023/NĐ-CP,Chi nhánh doanh nghiệp tái bảo hiểm nước ngoài,DoiTuongApDung,content_clean,gemini,0.98,"Chi nhánh doanh nghiệp bảo hiểm phi nhân thọ nước ngoài, chi nhánh doanh nghiệp tái bảo hiểm nước ngoài"
163441,46/2023/NĐ-CP,Văn phòng đại diện nước ngoài tại Việt Nam,DoiTuongApDung,content_clean,gemini,0.98,"Văn phòng đại diện của doanh nghiệp bảo hiểm nước ngoài, doanh nghiệp tái bảo hiểm nước ngoài, doanh nghiệp môi giới bảo hiểm nước ngoài, tập đoàn tài chính, bảo hiểm nước ngoài tại Việt Nam (sau đây gọi là văn phòng đại diện nước ngoài tại Việt Nam)"
163441,46/2023/NĐ-CP,Bên mua bảo hiểm,DoiTuongApDung,content_clean,gemini,0.98,"Bên mua bảo hiểm, người được bảo hiểm, người thụ hưởng"
163441,46/2023/NĐ-CP,Người được bảo hiểm,DoiTuongApDung,content_clean,gemini,0.98,"Bên mua bảo hiểm, người được bảo hiểm, người thụ hưởng"
163441,46/2023/NĐ-CP,Người thụ hưởng,DoiTuongApDung,content_clean,gemini,0.98,"Bên mua bảo hiểm, người được bảo hiểm, người thụ hưởng"
163441,46/2023/NĐ-CP,Cơ quan quản lý nhà nước về hoạt động kinh doanh bảo hiểm,DoiTuongApDung,content_clean,gemini,0.98,Cơ quan quản lý nhà nước về hoạt động kinh doanh bảo hiểm.
163441,46/2023/NĐ-CP,Tổ chức và cá nhân có liên quan đến hoạt động kinh doanh bảo hiểm,DoiTuongApDung,content_clean,gemini,0.98,Tổ chức và cá nhân có liên quan đến hoạt động kinh doanh bảo hiểm.
163441,46/2023/NĐ-CP,Bảo hiểm,LinhVuc,content_clean,gemini,0.99,Nghị định số 46/2023/NĐ-CP Quy định chi tiết thi hành một số điều của Luật Kinh doanh bảo hiểm
146468,156/2020/NĐ-CP,Chính phủ,CoQuan,metadata_raw,metadata,1.0,Trích từ metadata.csv: co_quan_ban_hanh='Chính phủ'
146468,156/2020/NĐ-CP,Nguyễn Xuân Phúc,NguoiKy,metadata_raw,metadata,1.0,"Trích từ metadata.csv: nguoi_ky='Nguyễn Xuân Phúc', chuc_danh='Thủ tướng'"
146468,156/2020/NĐ-CP,Chứng khoán,LinhVuc,metadata_raw,metadata,1.0,Trích từ metadata.csv: linh_vuc='Chứng khoán'
146468,156/2020/NĐ-CP,Chính phủ,CoQuan,content_clean,gemini,0.99,CHÍNH PHỦ
146468,156/2020/NĐ-CP,Nguyễn Xuân Phúc,NguoiKy,content_clean,gemini,0.99,"TM. CHÍNH PHỦ
THỦ TƯỚNG
(đã ký)
Nguyễn Xuân Phúc"
146468,156/2020/NĐ-CP,"tổ chức, cá nhân liên quan",DoiTuongApDung,content_clean,gemini,0.92,"Bộ trưởng Bộ Tài chính, Bộ trưởng, Thủ trưởng cơ quan ngang bộ, Thủ trưởng cơ quan thuộc Chính phủ, Chủ tịch Ủy ban nhân dân tỉnh, thành phố trực thuộc trung ương và các tổ chức, cá nhân liên quan chịu trách nhiệm thi hành Nghị định này."
146468,156/2020/NĐ-CP,"cá nhân, tổ chức bị xử phạt vi phạm hành chính",DoiTuongApDung,content_clean,gemini,0.9,"ban hành trước ngày Nghị định này có hiệu lực thi hành mà cá nhân, tổ chức bị xử phạt vi phạm hành chính còn khiếu nại"
146468,156/2020/NĐ-CP,Chứng khoán,LinhVuc,content_clean,gemini,0.98,trong lĩnh vực chứng khoán và thị trường chứng khoán
146468,156/2020/NĐ-CP,Xử phạt vi phạm hành chính,LinhVuc,content_clean,gemini,0.95,Quy định xử phạt vi phạm hành chính trong lĩnh vực chứng khoán và thị trường chứng khoán
168220,27/2024/TT-NHNN,Ngân hàng Nhà nước Việt Nam,CoQuan,metadata_raw,metadata,1.0,Trích từ metadata.csv: co_quan_ban_hanh='Ngân hàng Nhà nước Việt Nam'
168220,27/2024/TT-NHNN,Đào Minh Tú,NguoiKy,metadata_raw,metadata,1.0,"Trích từ metadata.csv: nguoi_ky='Đào Minh Tú', chuc_danh='Phó Thống đốc'"
168220,27/2024/TT-NHNN,"Thanh tra, giám sát ngân hàng",LinhVuc,metadata_raw,metadata,1.0,"Trích từ metadata.csv: linh_vuc='Thanh tra, giám sát ngân hàng'"
168220,27/2024/TT-NHNN,Ngân hàng Nhà nước Việt Nam,CoQuan,content_clean,gemini,0.99,NGÂN HÀNG NHÀ NƯỚC VIỆT NAM
168220,27/2024/TT-NHNN,Đào Minh Tú,NguoiKy,content_clean,gemini,0.99,"KT. THỐNG ĐỐC
PHÓ THỐNG ĐỐC
(Đã ký)
Đào Minh Tú"
168220,27/2024/TT-NHNN,Ngân hàng hợp tác xã,DoiTuongApDung,content_clean,gemini,0.98,1. Ngân hàng hợp tác xã.
168220,27/2024/TT-NHNN,Quỹ tín dụng nhân dân,DoiTuongApDung,content_clean,gemini,0.98,2. Quỹ tín dụng nhân dân.
168220,27/2024/TT-NHNN,"Tổ chức, cá nhân có liên quan đến phạm vi điều chỉnh quy định tại Điều 1 Thông tư này",DoiTuongApDung,content_clean,gemini,0.95,"3. Tổ chức, cá nhân có liên quan đến phạm vi điều chỉnh quy định tại Điều 1 Thông tư này."
168220,27/2024/TT-NHNN,"Thanh tra, giám sát ngân hàng",LinhVuc,content_clean,gemini,0.95,"Theo đề nghị của Chánh Thanh tra, giám sát ngân hàng;"
168220,27/2024/TT-NHNN,Ngân hàng,LinhVuc,content_clean,gemini,0.95,"hoạt động trong lĩnh vực ngân hàng với mục tiêu chủ yếu là liên kết, bảo đảm an toàn của hệ thống"
133858,05/2019/NĐ-CP,Chính phủ,CoQuan,metadata_raw,metadata,1.0,Trích từ metadata.csv: co_quan_ban_hanh='Chính phủ'
133858,05/2019/NĐ-CP,Nguyễn Xuân Phúc,NguoiKy,metadata_raw,metadata,1.0,"Trích từ metadata.csv: nguoi_ky='Nguyễn Xuân Phúc', chuc_danh='Thủ tướng'"
133858,05/2019/NĐ-CP,Chính phủ,CoQuan,content_clean,gemini,0.99,CHÍNH PHỦ
133858,05/2019/NĐ-CP,Bộ Tài chính,CoQuan,content_clean,gemini,0.99,Theo đề nghị của Bộ trưởng Bộ Tài chính;
133858,05/2019/NĐ-CP,"Ủy ban nhân dân các tỉnh, thành phố trực thuộc trung ương",CoQuan,content_clean,gemini,0.95,"Ủy ban nhân dân các tỉnh, thành phố trực thuộc trung ương;"
133858,05/2019/NĐ-CP,Ngân hàng Nhà nước,CoQuan,content_clean,gemini,0.95,do Ngân hàng Nhà nước ban hành.
133858,05/2019/NĐ-CP,Nguyễn Xuân Phúc,NguoiKy,content_clean,gemini,0.99,"THỦ TƯỚNG CHÍNH PHỦ
(Đã ký)
Nguyễn Xuân Phúc"
133858,05/2019/NĐ-CP,"Các bộ, cơ quan ngang bộ, cơ quan thuộc Chính phủ",DoiTuongApDung,content_clean,gemini,0.95,"a) Các bộ, cơ quan ngang bộ, cơ quan thuộc Chính phủ;"
133858,05/2019/NĐ-CP,"Ủy ban nhân dân các tỉnh, thành phố trực thuộc trung ương",DoiTuongApDung,content_clean,gemini,0.95,"b) Ủy ban nhân dân các tỉnh, thành phố trực thuộc trung ương;"
133858,05/2019/NĐ-CP,Các đơn vị sự nghiệp công lập,DoiTuongApDung,content_clean,gemini,0.95,c) Các đơn vị sự nghiệp công lập;
133858,05/2019/NĐ-CP,Các doanh nghiệp,DoiTuongApDung,content_clean,gemini,0.95,d) Các doanh nghiệp;
133858,05/2019/NĐ-CP,Tổ chức tín dụng,DoiTuongApDung,content_clean,gemini,0.95,3. Công tác kiểm toán nội bộ của tổ chức tín dụng thực hiện theo Luật các tổ chức tín dụng
133858,05/2019/NĐ-CP,Ngân hàng Nhà nước,DoiTuongApDung,content_clean,gemini,0.95,4. Công tác kiểm toán nội bộ của Ngân hàng Nhà nước thực hiện theo Luật Ngân hàng Nhà nước
133858,05/2019/NĐ-CP,Kế toán - Kiểm toán,LinhVuc,content_clean,gemini,0.95,Chính phủ ban hành Nghị định về kiểm toán nội bộ.
169221,43/2024/TT-NHNN,Ngân hàng Nhà nước Việt Nam,CoQuan,metadata_raw,metadata,1.0,Trích từ metadata.csv: co_quan_ban_hanh='Ngân hàng Nhà nước Việt Nam'
169221,43/2024/TT-NHNN,Phạm Thanh Hà,NguoiKy,metadata_raw,metadata,1.0,"Trích từ metadata.csv: nguoi_ky='Phạm Thanh Hà', chuc_danh='Phó Thống đốc'"
169221,43/2024/TT-NHNN,Quản lý ngoại hối,LinhVuc,metadata_raw,metadata,1.0,Trích từ metadata.csv: linh_vuc='Quản lý ngoại hối'
169221,43/2024/TT-NHNN,Ngân hàng Nhà nước Việt Nam,CoQuan,content_clean,gemini,0.99,NGÂN HÀNG NHÀ NƯỚC VIỆT NAM
169221,43/2024/TT-NHNN,Phạm Thanh Hà,NguoiKy,content_clean,gemini,0.98,"KT THỐNG ĐỐC
PHÓ THỐNG ĐỐC
(Đã ký)
Phạm Thanh Hà"
169221,43/2024/TT-NHNN,Chánh Văn phòng,DoiTuongApDung,content_clean,gemini,0.95,"Chánh Văn phòng, Cục trưởng Cục Quản lý dự trữ ngoại hối nhà nước và Thủ trưởng các đơn vị thuộc Ngân hàng Nhà nước Việt Nam chịu trách nhiệm tổ chức thực hiện Thông tư này."
169221,43/2024/TT-NHNN,Cục trưởng Cục Quản lý dự trữ ngoại hối nhà nước,DoiTuongApDung,content_clean,gemini,0.95,"Chánh Văn phòng, Cục trưởng Cục Quản lý dự trữ ngoại hối nhà nước và Thủ trưởng các đơn vị thuộc Ngân hàng Nhà nước Việt Nam chịu trách nhiệm tổ chức thực hiện Thông tư này."
169221,43/2024/TT-NHNN,Thủ trưởng các đơn vị thuộc Ngân hàng Nhà nước Việt Nam,DoiTuongApDung,content_clean,gemini,0.95,"Chánh Văn phòng, Cục trưởng Cục Quản lý dự trữ ngoại hối nhà nước và Thủ trưởng các đơn vị thuộc Ngân hàng Nhà nước Việt Nam chịu trách nhiệm tổ chức thực hiện Thông tư này."
169221,43/2024/TT-NHNN,Quản lý ngoại hối,LinhVuc,content_clean,gemini,0.98,hướng dẫn việc tổ chức thực hiện hoạt động quản lý dự trữ ngoại hối nhà nước.
95652,135/2015/NĐ-CP,Chính phủ,CoQuan,metadata_raw,metadata,1.0,Trích từ metadata.csv: co_quan_ban_hanh='Chính phủ'
95652,135/2015/NĐ-CP,Nguyễn Tấn Dũng,NguoiKy,metadata_raw,metadata,1.0,"Trích từ metadata.csv: nguoi_ky='Nguyễn Tấn Dũng', chuc_danh='Thủ tướng Chính phủ'"
95652,135/2015/NĐ-CP,Chính phủ,CoQuan,content_clean,gemini,0.99,"CHÍNH PHỦ
CỘNG HÒA XÃ HỘI CHỦ NGHĨA VIỆT NAM"
95652,135/2015/NĐ-CP,Nguyễn Tấn Dũng,NguoiKy,content_clean,gemini,0.99,"TM. CHÍNH PHỦ
THỦ TƯỚNG CHÍNH PHỦ
(Đã ký)
Nguyễn Tấn Dũng"
95652,135/2015/NĐ-CP,"Nhà đầu tư (Tổ chức kinh tế, cá nhân có quốc tịch Việt Nam thuộc đối tượng được tham gia chương trình thưởng cổ phiếu phát hành ở nước ngoài)",DoiTuongApDung,content_clean,gemini,0.95,"1. Nhà đầu tư gồm các đối tượng sau:
a) Tổ chức kinh tế theo quy định tại Khoản 16 Điều 3 Luật Đầu tư;
b) Cá nhân có quốc tịch Việt Nam thuộc đối tượng được tham gia chương trình thưởng cổ phiếu phát hành ở nước ngoài."
95652,135/2015/NĐ-CP,Các cơ quan quản lý nhà nước tham gia quản lý hoạt động đầu tư gián tiếp ra nước ngoài,DoiTuongApDung,content_clean,gemini,0.95,2. Các cơ quan quản lý nhà nước tham gia quản lý hoạt động đầu tư gián tiếp ra nước ngoài theo quy định tại Nghị định này.
95652,135/2015/NĐ-CP,"Các tổ chức, cá nhân khác có liên quan đến hoạt động đầu tư gián tiếp ra nước ngoài",DoiTuongApDung,content_clean,gemini,0.95,"3. Các tổ chức, cá nhân khác có liên quan đến hoạt động đầu tư gián tiếp ra nước ngoài."
95652,135/2015/NĐ-CP,Quản lý ngoại hối,LinhVuc,content_clean,gemini,0.92,"Căn cứ Pháp lệnh Ngoại hối ngày 13 tháng 12 năm 2005 và Pháp lệnh sửa đổi, bổ sung một số điều của Pháp lệnh Ngoại hối ngày 18 tháng 3 năm 2013"
95652,135/2015/NĐ-CP,Chứng khoán,LinhVuc,content_clean,gemini,0.9,"Nghị định này quy định chi tiết về hoạt động đầu tư ra nước ngoài dưới hình thức mua, bán chứng khoán, các giấy tờ có giá khác hoặc đầu tư thông qua các quỹ đầu tư chứng khoán"
95652,135/2015/NĐ-CP,Đầu tư,LinhVuc,content_clean,gemini,0.95,Nghị định quy định về đầu tư gián tiếp ra nước ngoài.
f69936f0-6937-11f1-a48d-29bc6b0fd706,17/VBHN-BTC,Bộ Tài chính,CoQuan,metadata_raw,metadata,1.0,Trích từ metadata.csv: co_quan_ban_hanh='Bộ Tài chính'
f69936f0-6937-11f1-a48d-29bc6b0fd706,17/VBHN-BTC,Nguyễn Đức Chi,NguoiKy,metadata_raw,metadata,1.0,"Trích từ metadata.csv: nguoi_ky='Nguyễn Đức Chi', chuc_danh='Thứ trưởng'"
f69936f0-6937-11f1-a48d-29bc6b0fd706,17/VBHN-BTC,Bộ Tài chính,CoQuan,content_clean,gemini,0.99,"BỘ TÀI CHÍNH
__________
Số: 17/VBHN-BTC"
f69936f0-6937-11f1-a48d-29bc6b0fd706,17/VBHN-BTC,Chính phủ,CoQuan,content_clean,gemini,0.95,Nghị định số 156/2020/NĐ-CP ngày 31 tháng 12 năm 2020 của Chính phủ quy định xử phạt vi phạm hành chính trong lĩnh vực chứng khoán và thị trường chứng khoán
f69936f0-6937-11f1-a48d-29bc6b0fd706,17/VBHN-BTC,Nguyễn Đức Chi,NguoiKy,content_clean,gemini,0.99,"KT. BỘ TRƯỞNG
THỨ TRƯỞNG
Nguyễn Đức Chi"
f69936f0-6937-11f1-a48d-29bc6b0fd706,17/VBHN-BTC,"Tổ chức, cá nhân liên quan",DoiTuongApDung,content_clean,gemini,0.9,"các tổ chức, cá nhân liên quan chịu trách nhiệm thi hành Nghị định này"
f69936f0-6937-11f1-a48d-29bc6b0fd706,17/VBHN-BTC,Chứng khoán,LinhVuc,content_clean,gemini,0.98,Quy định xử phạt vi phạm hành chính trong lĩnh vực chứng khoán và thị trường chứng khoán
30402,202/2012/TT-BTC,Bộ Tài chính,CoQuan,metadata_raw,metadata,1.0,Trích từ metadata.csv: co_quan_ban_hanh='Bộ Tài chính'
30402,202/2012/TT-BTC,Trần Xuân Hà,NguoiKy,metadata_raw,metadata,1.0,"Trích từ metadata.csv: nguoi_ky='Trần Xuân Hà', chuc_danh='Thứ trưởng'"
30402,202/2012/TT-BTC,Quản lý dịch vụ tài chính và các quỹ tài chính,LinhVuc,metadata_raw,metadata,1.0,Trích từ metadata.csv: linh_vuc='Quản lý dịch vụ tài chính và các quỹ tài chính'
30402,202/2012/TT-BTC,Bộ Tài chính,CoQuan,content_clean,gemini,0.99,"Bộ trưởng Bộ Tài chính ban hành Thông tư hướng dẫn về đăng ký, quản lý và công khai danh sách kiểm toán viên hành nghề kiểm toán."
30402,202/2012/TT-BTC,Trần Xuân Hà,NguoiKy,content_clean,gemini,0.99,"KT. BỘ TRƯỞNG
THỨ TRƯỞNG
Trần Xuân Hà"
30402,202/2012/TT-BTC,"Kiểm toán viên đăng ký hành nghề tại doanh nghiệp kiểm toán, chi nhánh doanh nghiệp kiểm toán nước ngoài tại Việt Nam",DoiTuongApDung,content_clean,gemini,0.95,"Kiểm toán viên đăng ký hành nghề tại doanh nghiệp kiểm toán, chi nhánh doanh nghiệp kiểm toán nước ngoài tại Việt Nam."
30402,202/2012/TT-BTC,"Doanh nghiệp kiểm toán, chi nhánh doanh nghiệp kiểm toán nước ngoài tại Việt Nam",DoiTuongApDung,content_clean,gemini,0.95,"Doanh nghiệp kiểm toán, chi nhánh doanh nghiệp kiểm toán nước ngoài tại Việt Nam (sau đây gọi chung là doanh nghiệp kiểm toán)."
30402,202/2012/TT-BTC,"Tổ chức, cá nhân có liên quan đến việc đăng ký, quản lý và công khai danh sách kiểm toán viên hành nghề kiểm toán",DoiTuongApDung,content_clean,gemini,0.95,"Tổ chức, cá nhân có liên quan đến việc đăng ký, quản lý và công khai danh sách kiểm toán viên hành nghề kiểm toán."
30402,202/2012/TT-BTC,Kế toán - Kiểm toán,LinhVuc,content_clean,gemini,0.95,"Thông tư hướng dẫn về đăng ký, quản lý và công khai danh sách kiểm toán viên hành nghề kiểm toán."
173460,57/2024/TT-NHNN,Ngân hàng Nhà nước Việt Nam,CoQuan,metadata_raw,metadata,1.0,Trích từ metadata.csv: co_quan_ban_hanh='Ngân hàng Nhà nước Việt Nam'
173460,57/2024/TT-NHNN,Đoàn Thái Sơn,NguoiKy,metadata_raw,metadata,1.0,"Trích từ metadata.csv: nguoi_ky='Đoàn Thái Sơn', chuc_danh='Phó Thống đốc'"
173460,57/2024/TT-NHNN,"Thanh tra, giám sát ngân hàng",LinhVuc,metadata_raw,metadata,1.0,"Trích từ metadata.csv: linh_vuc='Thanh tra, giám sát ngân hàng'"
173460,57/2024/TT-NHNN,Ngân hàng Nhà nước Việt Nam,CoQuan,content_clean,gemini,0.99,NGÂN HÀNG NHÀ NƯỚC VIỆT NAM
173460,57/2024/TT-NHNN,Đoàn Thái Sơn,NguoiKy,content_clean,gemini,0.99,"KT. THỐNG ĐỐC
PHÓ THỐNG ĐỐC
(Đã ký)
Đoàn Thái Sơn"
173460,57/2024/TT-NHNN,Công ty tài chính tổng hợp,DoiTuongApDung,content_clean,gemini,0.95,1. Công ty tài chính tổng hợp.
173460,57/2024/TT-NHNN,Công ty tài chính chuyên ngành,DoiTuongApDung,content_clean,gemini,0.95,2. Công ty tài chính chuyên ngành.
173460,57/2024/TT-NHNN,"Các tổ chức, cá nhân có liên quan đến việc cấp Giấy phép lần đầu của tổ chức tín dụng phi ngân hàng",DoiTuongApDung,content_clean,gemini,0.95,"3. Các tổ chức, cá nhân có liên quan đến việc cấp Giấy phép lần đầu của tổ chức tín dụng phi ngân hàng."
173460,57/2024/TT-NHNN,"Thanh tra, giám sát ngân hàng",LinhVuc,content_clean,gemini,0.95,"Theo đề nghị của Chánh Thanh tra, giám sát ngân hàng;"
173460,57/2024/TT-NHNN,Ngân hàng,LinhVuc,content_clean,gemini,0.9,"Thống đốc Ngân hàng Nhà nước Việt Nam ban hành Thông tư quy định hồ sơ, thủ tục cấp Giấy phép lần đầu của tổ chức tín dụng phi ngân hàng."
27257,44/2011/TT-NHNN,Ngân hàng Nhà nước Việt Nam,CoQuan,metadata_raw,metadata,1.0,Trích từ metadata.csv: co_quan_ban_hanh='Ngân hàng Nhà nước Việt Nam'
27257,44/2011/TT-NHNN,Trần Minh Tuấn,NguoiKy,metadata_raw,metadata,1.0,"Trích từ metadata.csv: nguoi_ky='Trần Minh Tuấn', chuc_danh='Phó Thống đốc'"
27257,44/2011/TT-NHNN,Ngân hàng Nhà nước Việt Nam,CoQuan,content_clean,gemini,0.99,NGÂN HÀNG NHÀ NƯỚC VIỆT NAM
27257,44/2011/TT-NHNN,Trần Minh Tuấn,NguoiKy,content_clean,gemini,0.99,"KT. THỐNG ĐỐC
PHÓ THỐNG ĐỐC
Trần Minh Tuấn"
27257,44/2011/TT-NHNN,Tổ chức tín dụng,DoiTuongApDung,content_clean,gemini,0.98,1. Tổ chức tín dụng;
27257,44/2011/TT-NHNN,Chi nhánh ngân hàng nước ngoài,DoiTuongApDung,content_clean,gemini,0.98,2. Chi nhánh ngân hàng nước ngoài;
27257,44/2011/TT-NHNN,"Tổ chức, cá nhân có liên quan đến hệ thống kiểm soát nội bộ và kiểm toán nội bộ của tổ chức tín dụng, chi nhánh ngân hàng nước ngoài",DoiTuongApDung,content_clean,gemini,0.95,"3. Tổ chức, cá nhân có liên quan đến hệ thống kiểm soát nội bộ và kiểm toán nội bộ của tổ chức tín dụng, chi nhánh ngân hàng nước ngoài."
27257,44/2011/TT-NHNN,Ngân hàng,LinhVuc,content_clean,gemini,0.95,"Quy định về hệ thống kiểm soát nội bộ và kiểm toán nội bộ của tổ chức tín dụng, chi nhánh ngân hàng nước ngoài"
27257,44/2011/TT-NHNN,Kế toán - Kiểm toán,LinhVuc,content_clean,gemini,0.92,"Quy định về hệ thống kiểm soát nội bộ và kiểm toán nội bộ của tổ chức tín dụng, chi nhánh ngân hàng nước ngoài"
143217,66/2020/TT-BTC,Bộ Tài chính,CoQuan,metadata_raw,metadata,1.0,Trích từ metadata.csv: co_quan_ban_hanh='Bộ Tài chính'
143217,66/2020/TT-BTC,Bộ Tài chính,CoQuan,content_clean,gemini,0.99,Bộ trưởng Bộ Tài chính ban hành Thông tư ban hành Quy chế mẫu về kiếm toán nội bộ áp dụng cho doanh nghiệp.
143217,66/2020/TT-BTC,Đỗ Hoàng Anh Tuấn,NguoiKy,content_clean,gemini,0.98,"KT. BỘ TRƯỞNG
THỨ TRƯỞNG
(Đã ký)
Đỗ Hoàng Anh Tuấn"
143217,66/2020/TT-BTC,Các doanh nghiệp quy định tại khoản 1 Điều 10 Nghị định số 05/2019/NĐ-CP,DoiTuongApDung,content_clean,gemini,0.95,Thông tư này áp dụng đối với các doanh nghiệp quy định tại khoản 1 Điều 10 Nghị định số 05/2019/NĐ-CP ngày 22 tháng 01 năm 2019 của Chính phủ về kiếm toán nội bộ.
143217,66/2020/TT-BTC,Các doanh nghiệp không thuộc quy định tại khoản 1 Điều 10 Nghị định số 05/2019/NĐ-CP,DoiTuongApDung,content_clean,gemini,0.9,Các doanh nghiệp không thuộc quy định tại khoản 1 Điều này được khuyến khích xây dựng Quy chế kiểm toán nội bộ trên cơ sở tham chiếu mẫu Quy chế kiểm toán nội bộ ban hành kèm theo Thông tư này.
143217,66/2020/TT-BTC,Kế toán - Kiểm toán,LinhVuc,content_clean,gemini,0.95,Thông tư ban hành Quy chế mẫu về kiếm toán nội bộ áp dụng cho doanh nghiệp.
168859,29/2024/TT-NHNN,Ngân hàng Nhà nước Việt Nam,CoQuan,metadata_raw,metadata,1.0,Trích từ metadata.csv: co_quan_ban_hanh='Ngân hàng Nhà nước Việt Nam'
168859,29/2024/TT-NHNN,Đào Minh Tú,NguoiKy,metadata_raw,metadata,1.0,"Trích từ metadata.csv: nguoi_ky='Đào Minh Tú', chuc_danh='Phó Thống đốc'"
168859,29/2024/TT-NHNN,"Thanh tra, giám sát ngân hàng",LinhVuc,metadata_raw,metadata,1.0,"Trích từ metadata.csv: linh_vuc='Thanh tra, giám sát ngân hàng'"
168859,29/2024/TT-NHNN,Ngân hàng Nhà nước Việt Nam,CoQuan,content_clean,gemini,0.99,NGÂN HÀNG NHÀ NƯỚC VIỆT NAM
168859,29/2024/TT-NHNN,Đào Minh Tú,NguoiKy,content_clean,gemini,0.99,kt. thống đốc PHÓ THỐNG ĐỐC Đào Minh Tú
168859,29/2024/TT-NHNN,Quỹ tín dụng nhân dân,DoiTuongApDung,content_clean,gemini,0.98,1. Quỹ tín dụng nhân dân.
168859,29/2024/TT-NHNN,Ngân hàng hợp tác xã,DoiTuongApDung,content_clean,gemini,0.98,2. Ngân hàng hợp tác xã.
168859,29/2024/TT-NHNN,"Tổ chức, cá nhân có liên quan đến quản trị, điều hành, tổ chức và hoạt động của quỹ tín dụng nhân dân",DoiTuongApDung,content_clean,gemini,0.95,"3. Tổ chức, cá nhân có liên quan đến quản trị, điều hành, tổ chức và hoạt động của quỹ tín dụng nhân dân."
168859,29/2024/TT-NHNN,"Thanh tra, giám sát ngân hàng",LinhVuc,content_clean,gemini,0.95,"Theo đề nghị của Chánh Thanh tra, giám sát ngân hàng;"
168859,29/2024/TT-NHNN,Ngân hàng,LinhVuc,content_clean,gemini,0.9,Thông tư quy định về quỹ tín dụng nhân dân.
150974,08/2021/TT-BTC,Bộ Tài chính,CoQuan,metadata_raw,metadata,1.0,Trích từ metadata.csv: co_quan_ban_hanh='Bộ Tài chính'
150974,08/2021/TT-BTC,Tạ Anh Tuấn,NguoiKy,metadata_raw,metadata,1.0,"Trích từ metadata.csv: nguoi_ky='Tạ Anh Tuấn', chuc_danh='Thứ trưởng'"
150974,08/2021/TT-BTC,"Kế toán, kiểm toán",LinhVuc,metadata_raw,metadata,1.0,"Trích từ metadata.csv: linh_vuc='Kế toán, kiểm toán'"
150974,08/2021/TT-BTC,Bộ Tài chính,CoQuan,content_clean,gemini,0.99,"BỘ TÀI CHÍNH
CỘNG HOÀ XÃ HỘI CHỦ NGHĨA VIỆT NAM"
150974,08/2021/TT-BTC,Tạ Anh Tuấn,NguoiKy,content_clean,gemini,0.95,"Người ký hiện tại: Tạ Anh Tuấn
Chức danh hiện tại: Thứ trưởng"
150974,08/2021/TT-BTC,doanh nghiệp,DoiTuongApDung,content_clean,gemini,0.95,"Chuẩn mực kiểm toán nội bộ Việt Nam và các nguyên tắc đạo đức nghề nghiệp kiểm toán nội bộ áp dụng đối với các doanh nghiệp, cơ quan nhà nước, đơn vị sự nghiệp công lập quy định tại Điều 8, Điều 9, Điều 10 Nghị định số 05/2019/NĐ-CP"
150974,08/2021/TT-BTC,cơ quan nhà nước,DoiTuongApDung,content_clean,gemini,0.95,"Chuẩn mực kiểm toán nội bộ Việt Nam và các nguyên tắc đạo đức nghề nghiệp kiểm toán nội bộ áp dụng đối với các doanh nghiệp, cơ quan nhà nước, đơn vị sự nghiệp công lập quy định tại Điều 8, Điều 9, Điều 10 Nghị định số 05/2019/NĐ-CP"
150974,08/2021/TT-BTC,đơn vị sự nghiệp công lập,DoiTuongApDung,content_clean,gemini,0.95,"Chuẩn mực kiểm toán nội bộ Việt Nam và các nguyên tắc đạo đức nghề nghiệp kiểm toán nội bộ áp dụng đối với các doanh nghiệp, cơ quan nhà nước, đơn vị sự nghiệp công lập quy định tại Điều 8, Điều 9, Điều 10 Nghị định số 05/2019/NĐ-CP"
150974,08/2021/TT-BTC,tổ chức cá nhân có liên quan trong hoạt động kiểm toán nội bộ,DoiTuongApDung,content_clean,gemini,0.95,và các tổ chức cá nhân có liên quan trong hoạt động kiểm toán nội bộ của các đơn vị này.
150974,08/2021/TT-BTC,"Kế toán, kiểm toán",LinhVuc,content_clean,gemini,0.98,"Lĩnh vực hiện tại: Kế toán, kiểm toán"
164719,22/2023/TT-NHNN,Ngân hàng Nhà nước Việt Nam,CoQuan,metadata_raw,metadata,1.0,Trích từ metadata.csv: co_quan_ban_hanh='Ngân hàng Nhà nước Việt Nam'
164719,22/2023/TT-NHNN,Đoàn Thái Sơn,NguoiKy,metadata_raw,metadata,1.0,"Trích từ metadata.csv: nguoi_ky='Đoàn Thái Sơn', chuc_danh='Phó Thống đốc Ngân hàng Nhà nước Việt Nam'"
164719,22/2023/TT-NHNN,"Thanh tra, giám sát ngân hàng",LinhVuc,metadata_raw,metadata,1.0,"Trích từ metadata.csv: linh_vuc='Thanh tra, giám sát ngân hàng'"
164719,22/2023/TT-NHNN,Ngân hàng Nhà nước Việt Nam,CoQuan,content_clean,gemini,0.99,NGÂN HÀNG NHÀ NƯỚC VIỆT NAM
164719,22/2023/TT-NHNN,Đoàn Thái Sơn,NguoiKy,content_clean,gemini,0.98,"KT. THỐNG ĐỐC
PHÓ THỐNG ĐỐC
(Đã ký)
Đoàn Thái Sơn"
164719,22/2023/TT-NHNN,Ngân hàng,DoiTuongApDung,content_clean,gemini,0.95,"quy định tỷ lệ an toàn vốn đối với ngân hàng, chi nhánh ngân hàng nước ngoài"
164719,22/2023/TT-NHNN,Chi nhánh ngân hàng nước ngoài,DoiTuongApDung,content_clean,gemini,0.95,"quy định tỷ lệ an toàn vốn đối với ngân hàng, chi nhánh ngân hàng nước ngoài"
164719,22/2023/TT-NHNN,Ngân hàng,LinhVuc,content_clean,gemini,0.95,"quy định tỷ lệ an toàn vốn đối với ngân hàng, chi nhánh ngân hàng nước ngoài"
164719,22/2023/TT-NHNN,"Thanh tra, giám sát ngân hàng",LinhVuc,content_clean,gemini,0.92,"Theo đề nghị của Chánh Thanh tra, giám sát ngân hàng;"
173695,56/2024/TT-NHNN,Ngân hàng Nhà nước Việt Nam,CoQuan,metadata_raw,metadata,1.0,Trích từ metadata.csv: co_quan_ban_hanh='Ngân hàng Nhà nước Việt Nam'
173695,56/2024/TT-NHNN,Đoàn Thái Sơn,NguoiKy,metadata_raw,metadata,1.0,"Trích từ metadata.csv: nguoi_ky='Đoàn Thái Sơn', chuc_danh='Phó Thống đốc'"
173695,56/2024/TT-NHNN,"Thanh tra, giám sát ngân hàng",LinhVuc,metadata_raw,metadata,1.0,"Trích từ metadata.csv: linh_vuc='Thanh tra, giám sát ngân hàng'"
173695,56/2024/TT-NHNN,Ngân hàng Nhà nước Việt Nam,CoQuan,content_clean,gemini,0.99,NGÂN HÀNG NHÀ NƯỚC VIỆT NAM
173695,56/2024/TT-NHNN,Đoàn Thái Sơn,NguoiKy,content_clean,gemini,0.99,"KT. THỐNG ĐỐC
PHÓ THỐNG ĐỐC
(Đã ký)
Đoàn Thái Sơn"
173695,56/2024/TT-NHNN,Ngân hàng thương mại,DoiTuongApDung,content_clean,gemini,0.98,1. Ngân hàng thương mại.
173695,56/2024/TT-NHNN,Chi nhánh ngân hàng nước ngoài,DoiTuongApDung,content_clean,gemini,0.98,2. Chi nhánh ngân hàng nước ngoài.
173695,56/2024/TT-NHNN,"Văn phòng đại diện tại Việt Nam của tổ chức tín dụng nước ngoài, tổ chức nước ngoài khác có hoạt động ngân hàng",DoiTuongApDung,content_clean,gemini,0.98,"3. Văn phòng đại diện tại Việt Nam của tổ chức tín dụng nước ngoài, tổ chức nước ngoài khác có hoạt động ngân hàng (sau đây gọi là văn phòng đại diện nước ngoài)."
173695,56/2024/TT-NHNN,"Các tổ chức, cá nhân có liên quan đến hồ sơ, thủ tục cấp Giấy phép lần đầu của ngân hàng thương mại, chi nhánh ngân hàng nước ngoài và văn phòng đại diện nước ngoài",DoiTuongApDung,content_clean,gemini,0.95,"4. Các tổ chức, cá nhân có liên quan đến hồ sơ, thủ tục cấp Giấy phép lần đầu của ngân hàng thương mại, chi nhánh ngân hàng nước ngoài và văn phòng đại diện nước ngoài."
173695,56/2024/TT-NHNN,"Thanh tra, giám sát ngân hàng",LinhVuc,content_clean,gemini,0.95,"Theo đề nghị của Chánh Thanh tra, giám sát ngân hàng;"
173695,56/2024/TT-NHNN,Ngân hàng,LinhVuc,content_clean,gemini,0.95,"Thống đốc Ngân hàng Nhà nước Việt Nam ban hành Thông tư quy định hồ sơ, thủ tục cấp Giấy phép lần đầu của ngân hàng thương mại, chi nhánh ngân hàng nước ngoài, văn phòng đại diện nước ngoài."
186482,69/2025/TT-NHNN,Ngân hàng Nhà nước Việt Nam,CoQuan,metadata_raw,metadata,1.0,Trích từ metadata.csv: co_quan_ban_hanh='Ngân hàng Nhà nước Việt Nam'
186482,69/2025/TT-NHNN,Đoàn Thái Sơn,NguoiKy,metadata_raw,metadata,1.0,"Trích từ metadata.csv: nguoi_ky='Đoàn Thái Sơn', chuc_danh='Phó Thống đốc'"
186482,69/2025/TT-NHNN,Cục An toàn hệ thống các tổ chức tín dụng,LinhVuc,metadata_raw,metadata,1.0,Trích từ metadata.csv: linh_vuc='Cục An toàn hệ thống các tổ chức tín dụng'
186482,69/2025/TT-NHNN,Ngân hàng Nhà nước Việt Nam,CoQuan,content_clean,gemini,0.99,NGÂN HÀNG NHÀ NƯỚC VIỆT NAM
186482,69/2025/TT-NHNN,Đoàn Thái Sơn,NguoiKy,content_clean,gemini,0.99,"KT. THỐNG ĐỐC
PHÓ THỐNG ĐỐC
(Đã ký)
Đoàn Thái Sơn"
186482,69/2025/TT-NHNN,Các đơn vị thuộc Ngân hàng Nhà nước Việt Nam,DoiTuongApDung,content_clean,gemini,0.95,"Thủ trưởng các đơn vị thuộc Ngân hàng Nhà nước Việt Nam, tổ chức tín dụng, chi nhánh ngân hàng nước ngoài, Công ty quản lý tài sản của các tổ chức tín dụng Việt Nam chịu trách nhiệm thực hiện Thông tư này."
186482,69/2025/TT-NHNN,Tổ chức tín dụng,DoiTuongApDung,content_clean,gemini,0.95,"Thủ trưởng các đơn vị thuộc Ngân hàng Nhà nước Việt Nam, tổ chức tín dụng, chi nhánh ngân hàng nước ngoài, Công ty quản lý tài sản của các tổ chức tín dụng Việt Nam chịu trách nhiệm thực hiện Thông tư này."
186482,69/2025/TT-NHNN,Chi nhánh ngân hàng nước ngoài,DoiTuongApDung,content_clean,gemini,0.95,"Thủ trưởng các đơn vị thuộc Ngân hàng Nhà nước Việt Nam, tổ chức tín dụng, chi nhánh ngân hàng nước ngoài, Công ty quản lý tài sản của các tổ chức tín dụng Việt Nam chịu trách nhiệm thực hiện Thông tư này."
186482,69/2025/TT-NHNN,Công ty quản lý tài sản của các tổ chức tín dụng Việt Nam,DoiTuongApDung,content_clean,gemini,0.95,"Thủ trưởng các đơn vị thuộc Ngân hàng Nhà nước Việt Nam, tổ chức tín dụng, chi nhánh ngân hàng nước ngoài, Công ty quản lý tài sản của các tổ chức tín dụng Việt Nam chịu trách nhiệm thực hiện Thông tư này."
186482,69/2025/TT-NHNN,"Quản lý, giám sát ngân hàng",LinhVuc,content_clean,gemini,0.95,"trong lĩnh vực quản lý, giám sát ngân hàng liên quan đến cắt giảm điều kiện kinh doanh, đơn giản hóa thủ tục hành chính"
186482,69/2025/TT-NHNN,Ngân hàng,LinhVuc,content_clean,gemini,0.9,"trong lĩnh vực quản lý, giám sát ngân hàng liên quan đến cắt giảm điều kiện kinh doanh, đơn giản hóa thủ tục hành chính"
112924,105/2016/TT-BTC,Bộ Tài chính,CoQuan,metadata_raw,metadata,1.0,Trích từ metadata.csv: co_quan_ban_hanh='Bộ Tài chính'
112924,105/2016/TT-BTC,Trần Xuân Hà,NguoiKy,metadata_raw,metadata,1.0,"Trích từ metadata.csv: nguoi_ky='Trần Xuân Hà', chuc_danh='Thứ trưởng'"
112924,105/2016/TT-BTC,Bộ Tài chính,CoQuan,content_clean,gemini,0.98,BỘ TÀI CHÍNH
112924,105/2016/TT-BTC,Trần Xuân Hà,NguoiKy,content_clean,gemini,0.98,"KT. BỘ TRƯỞNG
THỨ TRƯỞNG
(Đã ký)
Trần Xuân Hà"
112924,105/2016/TT-BTC,Tổ chức kinh doanh chứng khoán,DoiTuongApDung,content_clean,gemini,0.95,"Thông tư này áp dụng đối với tổ chức kinh doanh chứng khoán, quỹ đầu tư chứng khoán, công ty đầu tư chứng khoán, doanh nghiệp kinh doanh bảo hiểm"
112924,105/2016/TT-BTC,Quỹ đầu tư chứng khoán,DoiTuongApDung,content_clean,gemini,0.95,"Thông tư này áp dụng đối với tổ chức kinh doanh chứng khoán, quỹ đầu tư chứng khoán, công ty đầu tư chứng khoán, doanh nghiệp kinh doanh bảo hiểm"
112924,105/2016/TT-BTC,Công ty đầu tư chứng khoán,DoiTuongApDung,content_clean,gemini,0.95,"Thông tư này áp dụng đối với tổ chức kinh doanh chứng khoán, quỹ đầu tư chứng khoán, công ty đầu tư chứng khoán, doanh nghiệp kinh doanh bảo hiểm"
112924,105/2016/TT-BTC,Doanh nghiệp kinh doanh bảo hiểm,DoiTuongApDung,content_clean,gemini,0.95,"Thông tư này áp dụng đối với tổ chức kinh doanh chứng khoán, quỹ đầu tư chứng khoán, công ty đầu tư chứng khoán, doanh nghiệp kinh doanh bảo hiểm"
112924,105/2016/TT-BTC,"Các cơ quan, tổ chức, cá nhân có liên quan đến hoạt động đầu tư gián tiếp ra nước ngoài",DoiTuongApDung,content_clean,gemini,0.92,"và các cơ quan, tổ chức, cá nhân có liên quan đến hoạt động đầu tư gián tiếp ra nước ngoài."
112924,105/2016/TT-BTC,Chứng khoán,LinhVuc,content_clean,gemini,0.95,"THÔNG TƯ HƯỚNG DẪN HOẠT ĐỘNG ĐẦU TƯ GIÁN TIẾP RA NƯỚC NGOÀI CỦA TỔ CHỨC KINH DOANH CHỨNG KHOÁN, QUỸ ĐẦU TƯ CHỨNG KHOÁN, CÔNG TY ĐẦU TƯ CHỨNG KHOÁN"
112924,105/2016/TT-BTC,Bảo hiểm,LinhVuc,content_clean,gemini,0.95,VÀ DOANH NGHIỆP KINH DOANH BẢO HIỂM
112924,105/2016/TT-BTC,Quản lý ngoại hối,LinhVuc,content_clean,gemini,0.9,Căn cứ Nghị định số 135/2015/NĐ-CP ngày 31 tháng 12 năm 2015 của Chính phủ quy định về đầu tư gián tiếp ra nước ngoài;
174218,62/2024/TT-NHNN,Ngân hàng Nhà nước Việt Nam,CoQuan,metadata_raw,metadata,1.0,Trích từ metadata.csv: co_quan_ban_hanh='Ngân hàng Nhà nước Việt Nam'
174218,62/2024/TT-NHNN,Đoàn Thái Sơn,NguoiKy,metadata_raw,metadata,1.0,"Trích từ metadata.csv: nguoi_ky='Đoàn Thái Sơn', chuc_danh='Phó Thống đốc'"
174218,62/2024/TT-NHNN,"Thanh tra, giám sát ngân hàng",LinhVuc,metadata_raw,metadata,1.0,"Trích từ metadata.csv: linh_vuc='Thanh tra, giám sát ngân hàng'"
174218,62/2024/TT-NHNN,Ngân hàng Nhà nước Việt Nam,CoQuan,content_clean,gemini,0.99,NGÂN HÀNG NHÀ NƯỚC VIỆT NAM
174218,62/2024/TT-NHNN,Đoàn Thái Sơn,NguoiKy,content_clean,gemini,0.98,"KT. THỐNG ĐỐC
PHÓ THỐNG ĐỐC
(Đã ký)
Đoàn Thái Sơn"
174218,62/2024/TT-NHNN,Ngân hàng thương mại,DoiTuongApDung,content_clean,gemini,0.95,a) Ngân hàng thương mại;
174218,62/2024/TT-NHNN,Tổ chức tín dụng phi ngân hàng,DoiTuongApDung,content_clean,gemini,0.95,b) Tổ chức tín dụng phi ngân hàng bao gồm công ty tài chính tổng hợp và công ty tài chính chuyên ngành.
174218,62/2024/TT-NHNN,"Tổ chức, cá nhân có liên quan đến việc tổ chức lại tổ chức tín dụng",DoiTuongApDung,content_clean,gemini,0.92,"2. Tổ chức, cá nhân có liên quan đến việc tổ chức lại tổ chức tín dụng."
174218,62/2024/TT-NHNN,Ngân hàng,LinhVuc,content_clean,gemini,0.95,"Thống đốc Ngân hàng Nhà nước Việt Nam ban hành Thông tư quy định điều kiện, hồ sơ, thủ tục chấp thuận việc tổ chức lại ngân hàng thương mại, tổ chức tín dụng phi ngân hàng."
186888,62/2025/TT-NHNN,Ngân hàng Nhà nước Việt Nam,CoQuan,metadata_raw,metadata,1.0,Trích từ metadata.csv: co_quan_ban_hanh='Ngân hàng Nhà nước Việt Nam'
186888,62/2025/TT-NHNN,Đoàn Thái Sơn,NguoiKy,metadata_raw,metadata,1.0,"Trích từ metadata.csv: nguoi_ky='Đoàn Thái Sơn', chuc_danh='Phó Thống đốc'"
186888,62/2025/TT-NHNN,Cục An toàn hệ thống các tổ chức tín dụng,LinhVuc,metadata_raw,metadata,1.0,Trích từ metadata.csv: linh_vuc='Cục An toàn hệ thống các tổ chức tín dụng'
186888,62/2025/TT-NHNN,Ngân hàng Nhà nước Việt Nam,CoQuan,content_clean,gemini,0.99,"Thống đốc Ngân hàng Nhà nước Việt Nam ban hành Thông tư quy định về hệ thống kiểm soát nội bộ của tổ chức tín dụng là hợp tác xã, tổ chức tài chính vi mô."
186888,62/2025/TT-NHNN,Đoàn Thái Sơn,NguoiKy,content_clean,gemini,0.98,"PHÓ THỐNG ĐỐC
(Đã ký)
Đoàn Thái Sơn"
186888,62/2025/TT-NHNN,Tổ chức tín dụng là hợp tác xã,DoiTuongApDung,content_clean,gemini,0.95,"1. Tổ chức tín dụng là hợp tác xã bao gồm ngân hàng hợp tác xã, quỹ tín dụng nhân dân."
186888,62/2025/TT-NHNN,Tổ chức tài chính vi mô,DoiTuongApDung,content_clean,gemini,0.95,2. Tổ chức tài chính vi mô.
186888,62/2025/TT-NHNN,"Tổ chức, cá nhân có liên quan đến hệ thống kiểm soát nội bộ của tổ chức tín dụng",DoiTuongApDung,content_clean,gemini,0.92,"3. Tổ chức, cá nhân có liên quan đến hệ thống kiểm soát nội bộ của tổ chức tín dụng."
186888,62/2025/TT-NHNN,Ngân hàng,LinhVuc,content_clean,gemini,0.95,"Quy định về hệ thống kiểm soát nội bộ của tổ chức tín dụng là hợp tác xã, tổ chức tài chính vi mô"
6e689cd0-6f81-11f1-94d6-fd5d6d5ff793,52/VBHN-NHNN,Ngân hàng Nhà nước Việt Nam,CoQuan,metadata_raw,metadata,1.0,Trích từ metadata.csv: co_quan_ban_hanh='Ngân hàng Nhà nước Việt Nam'
6e689cd0-6f81-11f1-94d6-fd5d6d5ff793,52/VBHN-NHNN,Đoàn Thái Sơn,NguoiKy,metadata_raw,metadata,1.0,"Trích từ metadata.csv: nguoi_ky='Đoàn Thái Sơn', chuc_danh='Phó Thống đốc'"
6e689cd0-6f81-11f1-94d6-fd5d6d5ff793,52/VBHN-NHNN,Ngân hàng Nhà nước Việt Nam,CoQuan,content_clean,gemini,0.99,Thông tư số 56/2024/TT-NHNN ngày 24 tháng 12 năm 2024 của Thống đốc Ngân hàng Nhà nước Việt Nam
6e689cd0-6f81-11f1-94d6-fd5d6d5ff793,52/VBHN-NHNN,Đoàn Thái Sơn,NguoiKy,content_clean,gemini,0.99,"KT. THỐNG ĐỐC
PHÓ THỐNG ĐỐC
Đoàn Thái Sơn"
6e689cd0-6f81-11f1-94d6-fd5d6d5ff793,52/VBHN-NHNN,Ngân hàng thương mại,DoiTuongApDung,content_clean,gemini,0.98,"Điều 2. Đối tượng áp dụng
Thông tư này áp dụng đối với:
1. Ngân hàng thương mại."
6e689cd0-6f81-11f1-94d6-fd5d6d5ff793,52/VBHN-NHNN,Chi nhánh ngân hàng nước ngoài,DoiTuongApDung,content_clean,gemini,0.95,"Quy định hồ sơ, thủ tục cấp Giấy phép lần đầu của ngân hàng thương mại, chi nhánh ngân hàng nước ngoài, văn phòng đại diện nước ngoài"
6e689cd0-6f81-11f1-94d6-fd5d6d5ff793,52/VBHN-NHNN,Văn phòng đại diện nước ngoài,DoiTuongApDung,content_clean,gemini,0.95,"Quy định hồ sơ, thủ tục cấp Giấy phép lần đầu của ngân hàng thương mại, chi nhánh ngân hàng nước ngoài, văn phòng đại diện nước ngoài"
6e689cd0-6f81-11f1-94d6-fd5d6d5ff793,52/VBHN-NHNN,Ngân hàng,LinhVuc,content_clean,gemini,0.95,thực hiện thủ tục hành chính trong lĩnh vực thành lập và hoạt động ngân hàng
185630,63/2025/TT-NHNN,Ngân hàng Nhà nước Việt Nam,CoQuan,metadata_raw,metadata,1.0,Trích từ metadata.csv: co_quan_ban_hanh='Ngân hàng Nhà nước Việt Nam'
185630,63/2025/TT-NHNN,Đoàn Thái Sơn,NguoiKy,metadata_raw,metadata,1.0,"Trích từ metadata.csv: nguoi_ky='Đoàn Thái Sơn', chuc_danh='Phó Thống đốc'"
185630,63/2025/TT-NHNN,"Lao động, tiền lương, tiền công",LinhVuc,metadata_raw,metadata,1.0,"Trích từ metadata.csv: linh_vuc='Lao động, tiền lương, tiền công'"
185630,63/2025/TT-NHNN,Ngân hàng Nhà nước Việt Nam,CoQuan,content_clean,gemini,0.98,NGÂN HÀNG NHÀ NƯỚC VIỆT NAM
185630,63/2025/TT-NHNN,Đoàn Thái Sơn,NguoiKy,content_clean,gemini,0.98,"KT.THỐNG ĐỐC
PHÓ THỐNG ĐỐC
(Đã ký)
Đoàn Thái Sơn"
185630,63/2025/TT-NHNN,Các đơn vị thuộc Ngân hàng Nhà nước Việt Nam,DoiTuongApDung,content_clean,gemini,0.95,"Thủ trưởng các đơn vị thuộc Ngân hàng Nhà nước Việt Nam, ngân hàng hợp tác xã, quỹ tín dụng nhân dân có trách nhiệm tổ chức thực hiện Thông tư này."
185630,63/2025/TT-NHNN,Ngân hàng hợp tác xã,DoiTuongApDung,content_clean,gemini,0.95,"Thủ trưởng các đơn vị thuộc Ngân hàng Nhà nước Việt Nam, ngân hàng hợp tác xã, quỹ tín dụng nhân dân có trách nhiệm tổ chức thực hiện Thông tư này."
185630,63/2025/TT-NHNN,Quỹ tín dụng nhân dân,DoiTuongApDung,content_clean,gemini,0.95,"Thủ trưởng các đơn vị thuộc Ngân hàng Nhà nước Việt Nam, ngân hàng hợp tác xã, quỹ tín dụng nhân dân có trách nhiệm tổ chức thực hiện Thông tư này."
185630,63/2025/TT-NHNN,Ngân hàng,LinhVuc,content_clean,gemini,0.96,"Sửa đổi, bổ sung một số điều của một số Thông tư về quỹ tín dụng nhân dân"
185630,63/2025/TT-NHNN,Tín dụng,LinhVuc,content_clean,gemini,0.95,"Sửa đổi, bổ sung một số điều của một số Thông tư về quỹ tín dụng nhân dân"
117310,41/2016/TT-NHNN,Ngân hàng Nhà nước Việt Nam,CoQuan,metadata_raw,metadata,1.0,Trích từ metadata.csv: co_quan_ban_hanh='Ngân hàng Nhà nước Việt Nam'
117310,41/2016/TT-NHNN,Nguyễn Đồng Tiến,NguoiKy,metadata_raw,metadata,1.0,"Trích từ metadata.csv: nguoi_ky='Nguyễn Đồng Tiến', chuc_danh='Phó Thống đốc'"
117310,41/2016/TT-NHNN,"Thanh tra, giám sát ngân hàng",LinhVuc,metadata_raw,metadata,1.0,"Trích từ metadata.csv: linh_vuc='Thanh tra, giám sát ngân hàng'"
117310,41/2016/TT-NHNN,Ngân hàng Nhà nước Việt Nam,CoQuan,content_clean,gemini,0.99,NGÂN HÀNG NHÀ NƯỚC VIỆT NAM
117310,41/2016/TT-NHNN,Nguyễn Đồng Tiến,NguoiKy,content_clean,gemini,0.99,"KT. THỐNG ĐỐC
PHÓ THỐNG ĐỐC
(Đã ký)
Nguyễn Đồng Tiến"
117310,41/2016/TT-NHNN,Ngân hàng thương mại nhà nước,DoiTuongApDung,content_clean,gemini,0.95,"a) Ngân hàng: Ngân hàng thương mại nhà nước, ngân hàng thương mại cổ phần, ngân hàng liên doanh, ngân hàng 100% vốn nước ngoài;"
117310,41/2016/TT-NHNN,Ngân hàng thương mại cổ phần,DoiTuongApDung,content_clean,gemini,0.95,"a) Ngân hàng: Ngân hàng thương mại nhà nước, ngân hàng thương mại cổ phần, ngân hàng liên doanh, ngân hàng 100% vốn nước ngoài;"
117310,41/2016/TT-NHNN,Ngân hàng liên doanh,DoiTuongApDung,content_clean,gemini,0.95,"a) Ngân hàng: Ngân hàng thương mại nhà nước, ngân hàng thương mại cổ phần, ngân hàng liên doanh, ngân hàng 100% vốn nước ngoài;"
117310,41/2016/TT-NHNN,Ngân hàng 100% vốn nước ngoài,DoiTuongApDung,content_clean,gemini,0.95,"a) Ngân hàng: Ngân hàng thương mại nhà nước, ngân hàng thương mại cổ phần, ngân hàng liên doanh, ngân hàng 100% vốn nước ngoài;"
117310,41/2016/TT-NHNN,Chi nhánh ngân hàng nước ngoài,DoiTuongApDung,content_clean,gemini,0.95,b) Chi nhánh ngân hàng nước ngoài.
117310,41/2016/TT-NHNN,Ngân hàng,LinhVuc,content_clean,gemini,0.95,"Quy định tỷ lệ an toàn vốn đối với ngân hàng, chi nhánh ngân hàng nước ngoài"
117310,41/2016/TT-NHNN,"Thanh tra, giám sát ngân hàng",LinhVuc,content_clean,gemini,0.9,"Theo đề nghị của Chánh Thanh tra, giám sát ngân hàng;"
166269,17/2023/QH15,Quốc hội,CoQuan,metadata_raw,metadata,1.0,Trích từ metadata.csv: co_quan_ban_hanh='Quốc hội'
166269,17/2023/QH15,Vương Đình Huệ,NguoiKy,metadata_raw,metadata,1.0,"Trích từ metadata.csv: nguoi_ky='Vương Đình Huệ', chuc_danh='Chủ tịch Quốc hội'"
166269,17/2023/QH15,Quốc hội,CoQuan,content_clean,gemini,0.99,Quốc hội ban hành Luật Hợp tác xã.
166269,17/2023/QH15,Vương Đình Huệ,NguoiKy,content_clean,gemini,0.99,"CHỦ TỊCH QUỐC HỘI
(Đã ký)
Vương Đình Huệ"
166269,17/2023/QH15,"Tổ hợp tác, hợp tác xã, liên hiệp hợp tác xã",DoiTuongApDung,content_clean,gemini,0.98,"1. Tổ hợp tác, hợp tác xã, liên hiệp hợp tác xã."
166269,17/2023/QH15,"Thành viên của tổ hợp tác, hợp tác xã, liên hiệp hợp tác xã",DoiTuongApDung,content_clean,gemini,0.98,"2. Thành viên của tổ hợp tác, hợp tác xã, liên hiệp hợp tác xã."
166269,17/2023/QH15,"Cơ quan, tổ chức, cá nhân có liên quan đến thành lập, tổ chức quản lý, tổ chức lại, giải thể, phá sản và hoạt động có liên quan của tổ hợp tác, hợp tác xã, liên hiệp hợp tác xã",DoiTuongApDung,content_clean,gemini,0.95,"3. Cơ quan, tổ chức, cá nhân có liên quan đến thành lập, tổ chức quản lý, tổ chức lại, giải thể, phá sản và hoạt động có liên quan của tổ hợp tác, hợp tác xã, liên hiệp hợp tác xã."
166269,17/2023/QH15,Hợp tác xã,LinhVuc,content_clean,gemini,0.95,"Luật này quy định về thành lập, tổ chức quản lý, tổ chức lại, giải thể, phá sản và hoạt động có liên quan của tổ hợp tác, hợp tác xã, liên hiệp hợp tác xã"
177271,01/2025/TT-NHNN,Ngân hàng Nhà nước Việt Nam,CoQuan,metadata_raw,metadata,1.0,Trích từ metadata.csv: co_quan_ban_hanh='Ngân hàng Nhà nước Việt Nam'
177271,01/2025/TT-NHNN,Đoàn Thái Sơn,NguoiKy,metadata_raw,metadata,1.0,"Trích từ metadata.csv: nguoi_ky='Đoàn Thái Sơn', chuc_danh='Phó Thống đốc'"
177271,01/2025/TT-NHNN,Cục An toàn hệ thống các tổ chức tín dụng,LinhVuc,metadata_raw,metadata,1.0,Trích từ metadata.csv: linh_vuc='Cục An toàn hệ thống các tổ chức tín dụng'
177271,01/2025/TT-NHNN,Ngân hàng Nhà nước Việt Nam,CoQuan,content_clean,gemini,0.99,NGÂN HÀNG NHÀ NƯỚC VIỆT NAM
177271,01/2025/TT-NHNN,Đoàn Thái Sơn,NguoiKy,content_clean,gemini,0.98,"KT. THỐNG ĐỐC
PHÓ THỐNG ĐỐC
(Đã ký)
Đoàn Thái Sơn"
177271,01/2025/TT-NHNN,Quỹ tín dụng nhân dân,DoiTuongApDung,content_clean,gemini,0.95,1. Quỹ tín dụng nhân dân.
177271,01/2025/TT-NHNN,"Tổ chức, cá nhân có liên quan đến việc cấp Giấy phép lần đầu, cấp đổi Giấy phép của quỹ tín dụng nhân dân, cấp bản sao Giấy phép từ sổ gốc",DoiTuongApDung,content_clean,gemini,0.95,"2. Tổ chức, cá nhân có liên quan đến việc cấp Giấy phép lần đầu, cấp đổi Giấy phép của quỹ tín dụng nhân dân, cấp bản sao Giấy phép từ sổ gốc."
177271,01/2025/TT-NHNN,Ngân hàng,LinhVuc,content_clean,gemini,0.95,"Thống đốc Ngân hàng Nhà nước Việt Nam ban hành Thông tư quy định về cấp Giấy phép lần đầu, cấp đổi Giấy phép của quỹ tín dụng nhân dân."
177271,01/2025/TT-NHNN,Tín dụng,LinhVuc,content_clean,gemini,0.92,"Quy định về cấp Giấy phép lần đầu, cấp đổi Giấy phép của quỹ tín dụng nhân dân"
44209,01/2014/TT-NHNN,Ngân hàng Nhà nước Việt Nam,CoQuan,metadata_raw,metadata,1.0,Trích từ metadata.csv: co_quan_ban_hanh='Ngân hàng Nhà nước Việt Nam'
44209,01/2014/TT-NHNN,Đào Minh Tú,NguoiKy,metadata_raw,metadata,1.0,"Trích từ metadata.csv: nguoi_ky='Đào Minh Tú', chuc_danh='Phó Thống đốc'"
44209,01/2014/TT-NHNN,Phát hành và kho quỹ,LinhVuc,metadata_raw,metadata,1.0,Trích từ metadata.csv: linh_vuc='Phát hành và kho quỹ'
44209,01/2014/TT-NHNN,Ngân hàng Nhà nước Việt Nam,CoQuan,content_clean,gemini,0.99,NGÂN HÀNG NHÀ NƯỚC VIỆT NAM
44209,01/2014/TT-NHNN,Đào Minh Tú,NguoiKy,content_clean,gemini,0.98,"KT. THỐNG ĐỐC
PHÓ THỐNG ĐỐC
Đào Minh Tú"
44209,01/2014/TT-NHNN,Ngân hàng Nhà nước Việt Nam,DoiTuongApDung,content_clean,gemini,0.95,1. Ngân hàng Nhà nước Việt Nam (sau đây gọi tắt là Ngân hàng Nhà nước).
44209,01/2014/TT-NHNN,Tổ chức tín dụng,DoiTuongApDung,content_clean,gemini,0.95,"2. Tổ chức tín dụng, chi nhánh ngân hàng nước ngoài."
44209,01/2014/TT-NHNN,Chi nhánh ngân hàng nước ngoài,DoiTuongApDung,content_clean,gemini,0.95,"2. Tổ chức tín dụng, chi nhánh ngân hàng nước ngoài."
44209,01/2014/TT-NHNN,"Khách hàng trong quan hệ giao dịch tiền mặt, tài sản quý, giấy tờ có giá với Ngân hàng Nhà nước, tổ chức tín dụng, chi nhánh ngân hàng nước ngoài",DoiTuongApDung,content_clean,gemini,0.92,"3. Khách hàng trong quan hệ giao dịch tiền mặt, tài sản quý, giấy tờ có giá với Ngân hàng Nhà nước, tổ chức tín dụng, chi nhánh ngân hàng nước ngoài."
44209,01/2014/TT-NHNN,Phát hành và kho quỹ,LinhVuc,content_clean,gemini,0.95,Theo đề nghị của Cục trưởng Cục Phát hành và Kho quỹ;
25692,46/2010/QH12,Quốc hội,CoQuan,metadata_raw,metadata,1.0,Trích từ metadata.csv: co_quan_ban_hanh='Quốc hội'
25692,46/2010/QH12,Nguyễn Phú Trọng,NguoiKy,metadata_raw,metadata,1.0,"Trích từ metadata.csv: nguoi_ky='Nguyễn Phú Trọng', chuc_danh='Chủ tịch Quốc hội'"
25692,46/2010/QH12,Quốc hội,CoQuan,content_clean,gemini,0.99,Quốc hội ban hành Luật Ngân hàng Nhà nước Việt Nam.
25692,46/2010/QH12,Nguyễn Phú Trọng,NguoiKy,content_clean,gemini,0.95,"Luật này đã được Quốc hội nước Cộng hòa xã hội chủ nghĩa Việt Nam khóa XII, kỳ họp thứ 7 thông qua ngày 16 tháng 6 năm 2010."
25692,46/2010/QH12,Ngân hàng Nhà nước Việt Nam,DoiTuongApDung,content_clean,gemini,0.98,Luật này quy định về tổ chức và hoạt động của Ngân hàng Nhà nước Việt Nam.
25692,46/2010/QH12,Tổ chức tín dụng,DoiTuongApDung,content_clean,gemini,0.95,bảo đảm an toàn hoạt động ngân hàng và hệ thống các tổ chức tín dụng
25692,46/2010/QH12,Chính phủ,DoiTuongApDung,content_clean,gemini,0.92,cung ứng dịch vụ tiền tệ cho Chính phủ.
25692,46/2010/QH12,Các đơn vị thuộc hệ thống Ngân hàng Nhà nước,DoiTuongApDung,content_clean,gemini,0.9,Thực hiện kiểm toán tất cả các đơn vị thuộc hệ thống Ngân hàng Nhà nước
25692,46/2010/QH12,Ngân hàng,LinhVuc,content_clean,gemini,0.98,"thực hiện chức năng quản lý nhà nước về tiền tệ, hoạt động ngân hàng và ngoại hối"
25692,46/2010/QH12,Quản lý ngoại hối,LinhVuc,content_clean,gemini,0.95,"thực hiện chức năng quản lý nhà nước về tiền tệ, hoạt động ngân hàng và ngoại hối"
25692,46/2010/QH12,Tiền tệ,LinhVuc,content_clean,gemini,0.95,"Thủ tướng Chính phủ, Thống đốc Ngân hàng Nhà nước quyết định việc sử dụng các công cụ và biện pháp điều hành để thực hiện mục tiêu chính sách tiền tệ quốc gia"
