source_id,source_so_ky_hieu,target_so_ky_hieu,trigger,evidence
166170,32/2024/QH15,47/2010/QH12,"sửa đổi, bổ sung","3. Luật Các tổ chức tín dụng số 47/2010/QH12 đã được sửa đổi, bổ sung một số điều theo Luật số 17/2017/QH14 hết hiệu lực kể từ ngày Luật này có hiệu lực thi hành, trừ quy định tại các khoản 1, 2, 3, 4, 8, 9, 12 và 14 Điều 210 của Luật này."
166170,32/2024/QH15,17/2017/QH14,"sửa đổi, bổ sung","3. Luật Các tổ chức tín dụng số 47/2010/QH12 đã được sửa đổi, bổ sung một số điều theo Luật số 17/2017/QH14 hết hiệu lực kể từ ngày Luật này có hiệu lực thi hành, trừ quy định tại các khoản 1, 2, 3, 4, 8, 9, 12 và 14 Điều 210 của Luật này."
166170,32/2024/QH15,47/2010/QH12,thay thế,"...ố lượng thành viên Ban kiểm soát theo quy định tại khoản 2 Điều 44 của Luật Các tổ chức tín dụng số 47/2010/QH12 đã được sửa đổi, bổ sung một số điều theo Luật số 17/2017/QH14 cho đến hết nhiệm kỳ của Ban kiểm so..."
166170,32/2024/QH15,17/2017/QH14,thay thế,"... 44 của Luật Các tổ chức tín dụng số 47/2010/QH12 đã được sửa đổi, bổ sung một số điều theo Luật số 17/2017/QH14 cho đến hết nhiệm kỳ của Ban kiểm soát, thành viên Ban kiểm soát, trừ trường hợp ngân hàng thương m..."
38128,37/2014/TT-NHNN,23/2009/TT-NHNN,thay thế,"Thông tư này có hiệu lực thi hành từ ngày 12 tháng 01 năm 2015 và thay thế Thông tư số 23/2009/TT-NHNN ngày 02/12/2009 quy định việc thiết kế mẫu, chế bản và quản lý in, đúc tiền Việt Nam."
26750,67/2011/QH12,51/2001/QH10,"sửa đổi, bổ sung","Căn cứ Hiến pháp nước Cộng hòa xã hội chủ nghĩa Việt Nam năm 1992 đã được sửa đổi, bổ sung một số điều theo Nghị quyết số 51/2001/QH10;"
26750,67/2011/QH12,51/2001/QH10,căn cứ,"Căn cứ Hiến pháp nước Cộng hòa xã hội chủ nghĩa Việt Nam năm 1992 đã được sửa đổi, bổ sung một số điều theo Nghị quyết số 51/2001/QH10;"
163441,46/2023/NĐ-CP,73/2016/NĐ-CP,"sửa đổi, bổ sung",a) Nghị định số 73/2016/NĐ-CP ngày 01 tháng 7 năm 2016 của Chính phủ quy định chi tiết thi hành Luật Kinh doanh bảo hiểm và Luật ...
163441,46/2023/NĐ-CP,151/2018/NĐ-CP,"sửa đổi, bổ sung","b) Chương III Nghị định số 151/2018/NĐ-CP ngày 07 tháng 11 năm 2018 của Chính phủ sửa đổi, bổ sung một số Nghị định quy định về điều kiện đầu tư, kinh doanh thuộc phạm vi quản lý nhà nước của Bộ Tài chính;"
163441,46/2023/NĐ-CP,80/2019/NĐ-CP,"sửa đổi, bổ sung","c) Điều 1 Nghị định số 80/2019/NĐ-CP ngày 01 tháng 11 năm 2019 của Chính phủ sửa đổi, bổ sung một số điều của Nghị định số 73/2016/NĐ-CP..."
163441,46/2023/NĐ-CP,98/2013/NĐ-CP,"sửa đổi, bổ sung","...Kinh doanh bảo hiểm và Luật sửa đổi, bổ sung một số điều của Luật Kinh doanh bảo hiểm, Nghị định số 98/2013/NĐ-CP ngày 28 tháng 8 năm 2013 của Chính phủ quy định về xử phạt vi phạm hành chính trong lĩnh vực kinh d..."
163441,46/2023/NĐ-CP,48/2018/NĐ-CP,"sửa đổi, bổ sung","...nh vực kinh doanh bảo hiểm, kinh doanh xổ số đã được sửa đổi, bổ sung một số điều theo Nghị định số 48/2018/NĐ-CP ngày 21 tháng 3 năm 2018 của Chính phủ."
163441,46/2023/NĐ-CP,08/2022/QH15,căn cứ,Căn cứ Luật Kinh doanh bảo hiểm số 08/2022/QH15 ngày 16/6/2022 và các văn bản hướng dẫn thi hành;
163441,46/2023/NĐ-CP,14/2023/NĐ-CP,căn cứ,"Căn cứ Nghị định số 14/2023/NĐ-CP ngày 20/4/2023 của Chính phủ quy định chức năng, nhiệm vụ, quyền hạn và cơ cấu tổ chức của Bộ Tài chính;"
163441,46/2023/NĐ-CP,16/2022/QH15,căn cứ,Căn cứ Luật Kinh doanh bảo hiểm số 16/2022/QH15 ngày 16/6/2022;
146468,156/2020/NĐ-CP,108/2013/NĐ-CP,"sửa đổi, bổ sung",2. Nghị định số 108/2013/NĐ-CP ngày 23 tháng 9 năm 2013 của Chính phủ quy định xử phạt vi phạm hành chính trong lĩnh vực chứng kho...
146468,156/2020/NĐ-CP,145/2016/NĐ-CP,"sửa đổi, bổ sung","...ịnh xử phạt vi phạm hành chính trong lĩnh vực chứng khoán và thị trường chứng khoán và Nghị định số 145/2016/NĐ-CP ngày 01 tháng 11 năm 2016 của Chính phủ sửa đổi, bổ sung một số điều của Nghị định số 108/2013/NĐ-C..."
168220,27/2024/TT-NHNN,102/2022/NĐ-CP,căn cứ,"Căn cứ Nghị định số 102/2022/NĐ-CP ngày 12 tháng 12 năm 2022 của Chính phủ quy định chức năng, nhiệm vụ, quyền hạn và cơ cấu tổ chức của Ngân hàng Nhà nước Việt Nam;"
168220,27/2024/TT-NHNN,09/2016/TT-NHNN,"sửa đổi, bổ sung","b) Thông tư số 09/2016/TT-NHNN ngày 17 tháng 6 năm 2016 sửa đổi, bổ sung một số điều của Thông tư số 31/2012/TT-NHNN ngày 26/11/2012 của Thống đốc Ngân hàng Nhà nước quy định về ngân hàng hợp tác xã;"
168220,27/2024/TT-NHNN,31/2012/TT-NHNN,"sửa đổi, bổ sung","b) Thông tư số 09/2016/TT-NHNN ngày 17 tháng 6 năm 2016 sửa đổi, bổ sung một số điều của Thông tư số 31/2012/TT-NHNN ngày 26/11/2012 của Thống đốc Ngân hàng Nhà nước quy định về ngân hàng hợp tác xã;"
168220,27/2024/TT-NHNN,21/2019/TT-NHNN,"sửa đổi, bổ sung","d) Điều 1 và Điều 5 Thông tư số 21/2019/TT-NHNN ngày 14 tháng 11 năm 2019 sửa đổi, bổ sung một số điều của các Thông tư quy định về ngân hàng hợp tác xã, quỹ tín dụng nhân dân và quỹ bảo đảm an toàn hệ thống quỹ tín dụng nhân dân;"
168220,27/2024/TT-NHNN,24/2023/TT-NHNN,"sửa đổi, bổ sung","đ) Điều 1 Thông tư số 24/2023/TT-NHNN ngày 30 tháng 12 năm 2023 sửa đổi, bổ sung một số điều của các Thông tư liên quan đến việc nộp, xuất trình, cung cấp thông tin, giấy tờ về dân cư khi thực hiện thủ tục hành chính trong lĩnh vực thành lập và hoạt động ngân hàng."
168220,27/2024/TT-NHNN,21/2023/TT-NHNN,"sửa đổi, bổ sung","đ) Điều 2 Thông tư 21/2023/TT-NHNN sửa đổi, bổ sung một số điều của các Thông tư liên quan đến hoạt động kinh doanh thuộc phạm vi, chức năng quản lý của Ngân hàng Nhà nước Việt Nam."
169221,43/2024/TT-NHNN,01/2014/TT-NHNN,"sửa đổi, bổ sung","Sửa đổi, bổ sung một số điều của Thông tư số 01/2014/TT-NHNN ngày 10"
169221,43/2024/TT-NHNN,50/2014/NĐ-CP,căn cứ,Căn cứ Nghị định số 50/2014/NĐ-CP ngày 20 tháng 5 năm 2014 của Chính phủ về quản lý dự trữ ngoại hối nhà nước;
169221,43/2024/TT-NHNN,102/2022/NĐ-CP,căn cứ,"Căn cứ Nghị định số 102/2022/NĐ-CP ngày 12 tháng 12 năm 2022 của Chính phủ quy định chức năng, nhiệm vụ, quyền hạn và cơ cấu tổ chức của Ngân hàng Nhà nước Việt Nam;"
169221,43/2024/TT-NHNN,12/2023/TT-NHNN,"sửa đổi, bổ sung","...a đổi, bổ sung khoản 1 và khoản 5 Điều 14 (đã được sửa đổi, bổ sung bởi khoản 11 Điều 1 Thông tư số 12/2023/TT-NHNN ngày 12/10/2023 của Thống đốc Ngân hàng Nhà nước Việt Nam sửa đổi, bổ sung một số điều của các văn ..."
169221,43/2024/TT-NHNN,01/2020/TT-NHNN,"sửa đổi, bổ sung","... bổ sung điểm a và điểm c khoản 2 Điều 30 (đã được sửa đổi, bổ sung bởi khoản 13 Điều 1 Thông tư số 01/2020/TT-NHNN ngày 31/12/2020 của Thống đốc Ngân hàng Nhà nước Việt Nam sửa đổi, bổ sung một số điều của Thông tư..."
169221,43/2024/TT-NHNN,01/2014/TT-NHNN,bãi bỏ,"Điều 2. Thay thế, bổ sung và bãi bỏ một số quy định của Thông tư số 01/2014/TT-NHNN"
169221,43/2024/TT-NHNN,01/2014/TT-NHNN,thay thế,"Điều 2. Thay thế, bổ sung và bãi bỏ một số quy định của Thông tư số 01/2014/TT-NHNN"
169221,43/2024/TT-NHNN,12/2023/TT-NHNN,thay thế,"1. Thay thế Phụ lục số 01, Phụ lục số 03, Phụ lục số 04, Phụ lục số 06, Phụ lục số 07 và Phụ lục số 08 (đã được thay thế bởi Thông tư số 12/2023/TT-NHNN) bằng Phụ lục số 01, Phụ lục số 03, Phụ lục số 04, Phụ lục số 06, Phụ lục số 07 và Phụ lục số 08 tương ứng ban hành kèm theo Thông tư này."
169221,43/2024/TT-NHNN,01/2020/TT-NHNN,bãi bỏ,"2. Thông tư này bãi bỏ khoản 3, khoản 4, khoản 5, khoản 9, khoản 16 Điều 1, khoản 3, khoản 4 Điều 2 Thông tư số 01/2020/TT-NHNN."
169221,43/2024/TT-NHNN,12/2023/TT-NHNN,bãi bỏ,"3. Thông tư này bãi bỏ điểm a khoản 2, điểm b khoản 3, khoản 4, khoản 5, khoản 6, khoản 8, khoản 12 và khoản 16, điểm b khoản 20 Điều 1 và Phụ lục số 09 Thông tư số 12/2023/TT-NHNN."
f69936f0-6937-11f1-a48d-29bc6b0fd706,17/VBHN-BTC,156/2020/NĐ-CP,"sửa đổi, bổ sung","Nghị định số 156/2020/NĐ-CP ngày 31 tháng 12 năm 2020 của Chính phủ quy định xử phạt vi phạm hành chính trong lĩnh vực chứng khoán và thị trường chứng khoán, có hiệu lực thi hành kể từ ngày 01 tháng 01 năm 2021, được sửa đổi, bổ sung bởi:"
f69936f0-6937-11f1-a48d-29bc6b0fd706,17/VBHN-BTC,128/2021/NĐ-CP,"sửa đổi, bổ sung","Nghị định số 128/2021/NĐ-CP ngày 30 tháng 12 năm 2021 của Chính phủ sửa đổi, bổ sung một số điều của Nghị định số 156/2020/NĐ-C..."
f69936f0-6937-11f1-a48d-29bc6b0fd706,17/VBHN-BTC,306/2025/NĐ-CP,"sửa đổi, bổ sung","Nghị định số 306/2025/NĐ-CP ngày 25 tháng 11 năm 2025 của Chính phủ sửa đổi, bổ sung một số điều của Nghị định số 156/2020/NĐ-C..."
f69936f0-6937-11f1-a48d-29bc6b0fd706,17/VBHN-BTC,158/2020/NĐ-CP,"sửa đổi, bổ sung",...t số điều theo Nghị định số 128/2021/NĐ-CP ngày 30 tháng 12 năm 2021 của Chính phủ) và Nghị định số 158/2020/NĐ-CP ngày 31 tháng 12 năm 2020 của Chính phủ về chứng khoán phái sinh và thị trường chứng khoán phái sin...
f69936f0-6937-11f1-a48d-29bc6b0fd706,17/VBHN-BTC,108/2013/NĐ-CP,"sửa đổi, bổ sung",2. Nghị định số 108/2013/NĐ-CP ngày 23 tháng 9 năm 2013 của Chính phủ quy định xử phạt vi phạm hành chính trong lĩnh vực chứng kho...
f69936f0-6937-11f1-a48d-29bc6b0fd706,17/VBHN-BTC,145/2016/NĐ-CP,"sửa đổi, bổ sung","...ịnh xử phạt vi phạm hành chính trong lĩnh vực chứng khoán và thị trường chứng khoán và Nghị định số 145/2016/NĐ-CP ngày 01 tháng 11 năm 2016 của Chính phủ sửa đổi, bổ sung một số điều của Nghị định số 108/2013/NĐ-C..."
173460,57/2024/TT-NHNN,102/2022/NĐ-CP,căn cứ,"Căn cứ Nghị định số 102/2022/NĐ-CP ngày 12 tháng 12 năm 2022 của Chính phủ quy định chức năng, nhiệm vụ, quyền hạn và cơ cấu tổ chức của Ngân hàng Nhà nước Việt Nam;"
173460,57/2024/TT-NHNN,162/2024/NĐ-CP,căn cứ,Căn cứ Nghị định số 162/2024/NĐ-CP ngày 20 tháng 12 năm 2024 của Chính phủ quy định điều kiện cấp Giấy phép đối với quỹ tín dụng nhân ...
27257,44/2011/TT-NHNN,46/2010/QH12,căn cứ,Căn cứ Luật Ngân hàng Nhà nước Việt Nam số 46/2010/QH12 ngày 16 tháng 6 năm 2010;
27257,44/2011/TT-NHNN,47/2010/QH12,căn cứ,Căn cứ Luật Các tổ chức tín dụng số 47/2010/QH12 ngày 16 tháng 6 năm 2010;
27257,44/2011/TT-NHNN,96/2008/NĐ-CP,căn cứ,"Căn cứ Nghị định số 96/2008/NĐ-CP ngày 26/8/2008 của Chính phủ quy định chức năng, nhiệm vụ, quyền hạn và cơ cấu tổ chức của Ngân hàng Nhà nước Việt Nam;"
143217,66/2020/TT-BTC,88/2015/QH,căn cứ,Căn cứ Luật kế toán số 88/2015/QH 13 ngày 20 tháng 11 năm 2015;
143217,66/2020/TT-BTC,05/2019/NĐ-CP,căn cứ,Căn cứ Nghị định số 05/2019/NĐ-CP ngày 22 thảng 01 năm 2019 của Chính phủ về kiếm toán nội bộ;
168859,29/2024/TT-NHNN,102/2022/NĐ-CP,căn cứ,"Căn cứ Nghị định số 102/2022/NĐ-CP ngày 12 tháng 12 năm 2022 của Chính phủ quy định chức năng, nhiệm vụ, quyền hạn và cơ cấu tổ chức của Ngân hàng Nhà nước Việt Nam;"
168859,29/2024/TT-NHNN,06/2007/TT-NHNN,"sửa đổi, bổ sung","...eo ngành nghề, quỹ tín dụng nhân dân hoạt động theo từng doanh nghiệp được quy định tại Thông tư số 06/2007/TT-NHNN ngày 06 tháng 11 năm 2007 của Thống đốc Ngân hàng Nhà nước sửa đổi, bổ sung Thông tư số 08/2005/TT-..."
168859,29/2024/TT-NHNN,08/2005/TT-NHNN,"sửa đổi, bổ sung","...007/TT-NHNN ngày 06 tháng 11 năm 2007 của Thống đốc Ngân hàng Nhà nước sửa đổi, bổ sung Thông tư số 08/2005/TT-NHNN ngày 30 tháng 12 năm 2005 của Ngân hàng Nhà nước hướng dẫn thực hiện Nghị định số 48/2001/NĐ-CP ngà..."
168859,29/2024/TT-NHNN,48/2001/NĐ-CP,"sửa đổi, bổ sung",...ố 08/2005/TT-NHNN ngày 30 tháng 12 năm 2005 của Ngân hàng Nhà nước hướng dẫn thực hiện Nghị định số 48/2001/NĐ-CP ngày 13/8/2001 về tổ chức và hoạt động của quỹ tín dụng nhân dân và Nghị định số
168859,29/2024/TT-NHNN,06/2017/TT-NHNN,"sửa đổi, bổ sung","b) Thông tư số 06/2017/TT-NHNN ngày 05/7/2017 của Thống đốc Ngân hàng sửa đổi, bổ sung một số điều của Thông tư số 03/2014/TT-NHNN..."
168859,29/2024/TT-NHNN,03/2014/TT-NHNN,"sửa đổi, bổ sung","...06/2017/TT-NHNN ngày 05/7/2017 của Thống đốc Ngân hàng sửa đổi, bổ sung một số điều của Thông tư số 03/2014/TT-NHNN ngày 23/01/2014 của Thống đốc Ngân hàng Nhà nước quy định về quỹ bảo đảm an toàn hệ thống quỹ tín d..."
168859,29/2024/TT-NHNN,04/2015/TT-NHNN,"sửa đổi, bổ sung",...ốc Ngân hàng Nhà nước quy định về quỹ bảo đảm an toàn hệ thống quỹ tín dụng nhân dân và Thông tư số 04/2015/TT-NHNN ngày 31/03/2015 của Thống đốc Ngân hàng Nhà nước quy định về quỹ tín dụng nhân dân;
168859,29/2024/TT-NHNN,21/2019/TT-NHNN,"sửa đổi, bổ sung","c) Điều 2, khoản 1 Điều 6 Thông tư 21/2019/TT-NHNN ngày 14/11/2019 của Thống đốc Ngân hàng Nhà nước sửa đổi, bổ sung một số điều của các Thông tư quy định về ngân hàng hợp tác xã, quỹ tín dụng nhân dân và quỹ bảo đảm an toàn hệ thống quỹ tín dụng nhân dân;"
168859,29/2024/TT-NHNN,01/2023/TT-NHNN,"sửa đổi, bổ sung","d) Thông tư số 01/2023/TT-NHNN ngày 01/3/2023 của Thống đốc Ngân hàng Nhà nước sửa đổi, bổ sung một số điều của Thông tư số 04/2015/TT-NHNN ngày 31/3/2015 của Thống đốc Ngân hàng Nhà nước Việt Nam quy định về quỹ tín dụng nhân dân;"
168859,29/2024/TT-NHNN,24/2023/TT,"sửa đổi, bổ sung","đ) Điều 2 Thông tư số 24/2023/TT- NHNN ngày 29/12/2023 của Thống đốc Ngân hàng Nhà nước sửa đổi, bổ sung một số điều của các Thông tư liên quan đến việc nộp. xuất trình, cung cấp thông tin, giấy tờ về dân cư khi thực hiện thủ tục hành chính trong lĩnh vực thành lập và hoạt động ngân hàng."
150974,08/2021/TT-BTC,88/2015/QH13,căn cứ,Căn cứ Luật kế toán số 88/2015/QH13 ngày 20 tháng 11 năm 2015;
150974,08/2021/TT-BTC,05/2019/NĐ-CP,căn cứ,Căn cứ Nghị định 05/2019/NĐ-CP ngày 22 tháng 01 năm 2019 của Chính phủ về kiểm toán nội bộ;
150974,08/2021/TT-BTC,87/2017/NĐ-CP,căn cứ,"Căn cứ Nghị định số 87/2017/NĐ-CP ngày 26 tháng 7 năm 2017 của Chính phủ quy định chức năng, nhiệm vụ, quyền hạn và cơ cấu tổ chức của Bộ Tài chính;"
186482,69/2025/TT-NHNN,46/2010/QH12,căn cứ,Căn cứ Luật Ngân hàng Nhà nước Việt Nam số 46/2010/QH12;
186482,69/2025/TT-NHNN,32/2024/QH15,"sửa đổi, bổ sung","Căn cứ Luật Các tổ chức tín dụng số 32/2024/QH15 được sửa đổi, bổ sung bởi Luật số 96/2025/QH15;"
186482,69/2025/TT-NHNN,96/2025/QH15,"sửa đổi, bổ sung","Căn cứ Luật Các tổ chức tín dụng số 32/2024/QH15 được sửa đổi, bổ sung bởi Luật số 96/2025/QH15;"
186482,69/2025/TT-NHNN,32/2024/QH15,căn cứ,"Căn cứ Luật Các tổ chức tín dụng số 32/2024/QH15 được sửa đổi, bổ sung bởi Luật số 96/2025/QH15;"
186482,69/2025/TT-NHNN,96/2025/QH15,căn cứ,"Căn cứ Luật Các tổ chức tín dụng số 32/2024/QH15 được sửa đổi, bổ sung bởi Luật số 96/2025/QH15;"
186482,69/2025/TT-NHNN,26/2025/NĐ-CP,căn cứ,"Căn cứ Nghị định số 26/2025/NĐ-CP của Chính phủ quy định chức năng, nhiệm vụ, quyền hạn và cơ cấu tổ chức của Ngân hàng Nhà nước Việt Nam;"
186482,69/2025/TT-NHNN,19/2013/TT,"sửa đổi, bổ sung","SỬA ĐỔI, BỔ SUNG MỘT SỐ ĐIỀU CỦA THÔNG TƯ SỐ 19/2013/TT-"
186482,69/2025/TT-NHNN,43/2015/TT,"sửa đổi, bổ sung","SỬA ĐỔI, BỔ SUNG MỘT SỐ ĐIỀU CỦA THÔNG TƯ SỐ 43/2015/TT-"
186482,69/2025/TT-NHNN,53/2018/TT,"sửa đổi, bổ sung","SỬA ĐỔI, BỔ SUNG MỘT SỐ ĐIỀU CỦA THÔNG TƯ SỐ 53/2018/TT-"
186482,69/2025/TT-NHNN,53/2018/TT-NHNN,thay thế,Điều 25. Thay thế Phụ lục ban hành kèm theo Thông tư 53/2018/TT-NHNN
186482,69/2025/TT-NHNN,14/2015/TT-NHNN,"sửa đổi, bổ sung","a) Khoản 8, khoản 14 Điều 1 Thông tư 14/2015/TT-NHNN sửa đổi bổ sung một số điều của Thông tư số 19/2013/TT-NHNN của Thống đốc Ngân hàng Nhà nước Việt Nam quy định về việc mua, bán và xử lý nợ xấu của Công ty Quản lý tài sản của các tổ chức tín dụng Việt Nam;"
186482,69/2025/TT-NHNN,19/2013/TT-NHNN,"sửa đổi, bổ sung","a) Khoản 8, khoản 14 Điều 1 Thông tư 14/2015/TT-NHNN sửa đổi bổ sung một số điều của Thông tư số 19/2013/TT-NHNN của Thống đốc Ngân hàng Nhà nước Việt Nam quy định về việc mua, bán và xử lý nợ xấu của Công ty Quản lý tài sản của các tổ chức tín dụng Việt Nam;"
186482,69/2025/TT-NHNN,03/2024/TT-NHNN,"sửa đổi, bổ sung","...oản 1 Điều 2; cụm từ ""khoản 2 Điều 12"", cụm từ ""các khoản 5, 6 Điều 13"" tại khoản 2 Điều 2 Thông tư 03/2024/TT-NHNN của Thống đốc Ngân hàng Nhà nước Việt Nam sửa đổi, bổ sung một số Điều của Thông tư số 19/2013/TT-N..."
186482,69/2025/TT-NHNN,27/2022/TT-NHNN,"sửa đổi, bổ sung","c) Cụm từ “điểm b khoản 3 Điều 10” tại điểm c khoản 5 Điều 1 Thông tư số 27/2022/TT-NHNN của Thống đốc Ngân hàng Nhà nước Việt Nam sửa đổi, bổ sung một số điều của các Thông tư quy định về phân cấp giải quyết thủ tục hành chính trong lĩnh vực thành lập và hoạt động ngân hàng;"
186482,69/2025/TT-NHNN,30/2024/TT-NHNN,"sửa đổi, bổ sung","d) Khoản 7, khoản 9, khoản 14, điểm c khoản 15 Điều 1 Thông tư 30/2024/TT-NHNN của Thống đốc Ngân hàng Nhà nước Việt Nam sửa đổi, bổ sung một số điều của các Thông tư quy định về hồ sơ, thủ tục chấp thuận những thay đổi và mạng lưới hoạt động của tổ chức tín dụng phi ngân hàng."
112924,105/2016/TT-BTC,28/2005/PL-UBTVQH,căn cứ,Căn cứ Pháp lệnh Ngoại hối số 28/2005/PL-UBTVQH ngày 13 tháng 12 năm 2005;
112924,105/2016/TT-BTC,06/2013/PL-UBTVQH13,"sửa đổi, bổ sung","Căn cứ Pháp lệnh số 06/2013/PL-UBTVQH13 ngày 18 tháng 03 năm 2013 sửa đổi, bổ sung một số điều của Pháp lệnh Ngoại hối;"
112924,105/2016/TT-BTC,06/2013/PL-UBTVQH13,căn cứ,"Căn cứ Pháp lệnh số 06/2013/PL-UBTVQH13 ngày 18 tháng 03 năm 2013 sửa đổi, bổ sung một số điều của Pháp lệnh Ngoại hối;"
186888,62/2025/TT-NHNN,46/2010/QH12,căn cứ,Căn cứ Luật Ngân hàng Nhà nước Việt Nam số 46/2010/QH12;
186888,62/2025/TT-NHNN,32/2024/QH15,"sửa đổi, bổ sung","Căn cứ Luật Các tổ chức tín dụng số 32/2024/QH15 được sửa đổi, bổ sung bởi Luật số 96/2025/QH15;"
186888,62/2025/TT-NHNN,96/2025/QH15,"sửa đổi, bổ sung","Căn cứ Luật Các tổ chức tín dụng số 32/2024/QH15 được sửa đổi, bổ sung bởi Luật số 96/2025/QH15;"
186888,62/2025/TT-NHNN,32/2024/QH15,căn cứ,"Căn cứ Luật Các tổ chức tín dụng số 32/2024/QH15 được sửa đổi, bổ sung bởi Luật số 96/2025/QH15;"
186888,62/2025/TT-NHNN,96/2025/QH15,căn cứ,"Căn cứ Luật Các tổ chức tín dụng số 32/2024/QH15 được sửa đổi, bổ sung bởi Luật số 96/2025/QH15;"
186888,62/2025/TT-NHNN,26/2025/NĐ-CP,căn cứ,"Căn cứ Nghị định số 26/2025/NĐ-CP của Chính phủ quy định chức năng, nhiệm vụ, quyền hạn và cơ cấu tổ chức của Ngân hàng Nhà nước Việt Nam;"
186888,62/2025/TT-NHNN,44/2011/TT-NHNN,bãi bỏ,"2. Thông tư này bãi bỏ Thông tư số 44/2011/TT-NHNN ngày 29 tháng 12 năm 2011 của Thống đốc Ngân hàng Nhà nước Việt Nam quy định về hệ thống kiểm soát nội bộ và kiểm toán nội bộ của tổ chức tín dụng, chi nhánh ngân hàng nước ngoài."
6e689cd0-6f81-11f1-94d6-fd5d6d5ff793,52/VBHN-NHNN,56/2024/TT-NHNN,"sửa đổi, bổ sung","Thông tư số 56/2024/TT-NHNN ngày 24 tháng 12 năm 2024 của Thống đốc Ngân hàng Nhà nước Việt Nam quy định hồ sơ, thủ tục cấp Giấ..."
6e689cd0-6f81-11f1-94d6-fd5d6d5ff793,52/VBHN-NHNN,12/2025/TT-NHNN,"sửa đổi, bổ sung","1. Thông tư số 12/2025/TT-NHNN ngày 30 tháng 6 năm 2025 của Thống đốc Ngân hàng Nhà nước Việt Nam sửa đổi, bổ sung một số điều của..."
6e689cd0-6f81-11f1-94d6-fd5d6d5ff793,52/VBHN-NHNN,11/2026/TT-NHNN,"sửa đổi, bổ sung",2. Thông tư số 11/2026/TT-NHNN ngày 19 tháng 5 năm 2026 của Thống đốc Ngân hàng Nhà nước Việt Nam phân cấp thực hiện thủ tục hành ...
6e689cd0-6f81-11f1-94d6-fd5d6d5ff793,52/VBHN-NHNN,102/2022/NĐ-CP,căn cứ,"Căn cứ Nghị định số 102/2022/NĐ-CP ngày 12 tháng 12 năm 2022 của Chính phủ quy định chức năng, nhiệm vụ, quyền hạn và cơ cấu tổ chức của Ngân hàng Nhà nước Việt Nam;"
6e689cd0-6f81-11f1-94d6-fd5d6d5ff793,52/VBHN-NHNN,162/NĐ-CP,căn cứ,"Căn cứ Nghị định số 162/NĐ-CP ngày 20 tháng 12 năm 2024 của Chính phủ quy định điều kiện cấp Giấy phép đối với quỹ tín dụng nhân dân, tổ chức tài chính vi mô và điều kiện đối với chủ sở hữu của tổ chức tín dụng là công ty trách nhiệm hữu hạn một thành viên, cổ đông sáng lập, thành viên sáng lập;"
6e689cd0-6f81-11f1-94d6-fd5d6d5ff793,52/VBHN-NHNN,2024/TT-NHNN,căn cứ,"Căn cứ Thông tư số .../2024/TT-NHNN ngày .. tháng ... năm 2024 của Thống đốc Ngân hàng Nhà nước Việt Nam quy định hồ sơ, thủ tục cấp Giấy phép lần đầu của ngân hàng thương mại, chi nhánh ngân hàng nước ngoài, văn phòng đại diện nước ngoài;"
6e689cd0-6f81-11f1-94d6-fd5d6d5ff793,52/VBHN-NHNN,162/2024/NĐ-CP,căn cứ,Căn cứ Nghị định số 162/2024/NĐ-CP ngày 20 tháng 12 năm 2024 của Chính phủ quy định điều kiện cấp Giấy phép đối với quỹ tín dụng nhân ...
185630,63/2025/TT-NHNN,46/2010/QH12,căn cứ,Căn cứ Luật Ngân hàng Nhà nước Việt Nam số 46/2010/QH12;
185630,63/2025/TT-NHNN,32/2024/QH15,"sửa đổi, bổ sung","Căn cứ Luật Các tổ chức tín dụng số 32/2024/QH15 được sửa đổi, bổ sung bởi Luật số 96/2025/QH15;"
185630,63/2025/TT-NHNN,96/2025/QH15,"sửa đổi, bổ sung","Căn cứ Luật Các tổ chức tín dụng số 32/2024/QH15 được sửa đổi, bổ sung bởi Luật số 96/2025/QH15;"
185630,63/2025/TT-NHNN,32/2024/QH15,căn cứ,"Căn cứ Luật Các tổ chức tín dụng số 32/2024/QH15 được sửa đổi, bổ sung bởi Luật số 96/2025/QH15;"
185630,63/2025/TT-NHNN,96/2025/QH15,căn cứ,"Căn cứ Luật Các tổ chức tín dụng số 32/2024/QH15 được sửa đổi, bổ sung bởi Luật số 96/2025/QH15;"
185630,63/2025/TT-NHNN,17/2023/QH15,căn cứ,Căn cứ Luật Hợp tác xã số 17/2023/QH15;
185630,63/2025/TT-NHNN,26/2025/NĐ-CP,căn cứ,"Căn cứ Nghị định số 26/2025/NĐ-CP của Chính phủ quy định chức năng, nhiệm vụ, quyền hạn và cơ cấu tổ chức của Ngân hàng Nhà nước Việt Nam;"
185630,63/2025/TT-NHNN,29/2024/TT-NHNN,"sửa đổi, bổ sung","SỬA ĐỔI, BỔ SUNG MỘT SỐ ĐIỀU CỦA THÔNG TƯ SỐ 29/2024/TT-NHNN QUY ĐỊNH VỀ QUỸ TÍN DỤNG NHÂN DÂN"
185630,63/2025/TT-NHNN,01/2025/TT-NHNN,"sửa đổi, bổ sung","SỬA ĐỔI, BỔ SUNG MỘT SỐ ĐIỀU CỦA THÔNG TƯ SỐ 01/2025/TT-NHNN QUY ĐỊNH VỀ CẤP GIẤY PHÉP LẦN ĐẦU, CẤP ĐỔI GIẤY PHÉP"
185630,63/2025/TT-NHNN,10/2025/TT-NHNN,"sửa đổi, bổ sung","SỬA ĐỔI, BỔ SUNG MỘT SỐ ĐIỀU CỦA THÔNG TƯ SỐ 10/2025/TT-NHNN"
185630,63/2025/TT-NHNN,08/2025/TT-NHNN,"sửa đổi, bổ sung","2. Thông tư này bãi bỏ quy định tại khoản 1 Điều 2 Thông tư số 08/2025/TT-NHNN ngày 06 tháng 6 năm 2025 của Thống đốc Ngân hàng Nhà nước Việt Nam sửa đổi, bổ sung một số điều của..."
185630,63/2025/TT-NHNN,43/2015/TT-NHNN,"sửa đổi, bổ sung","...g 6 năm 2025 của Thống đốc Ngân hàng Nhà nước Việt Nam sửa đổi, bổ sung một số điều của Thông tư số 43/2015/TT-NHNN ngày 31 tháng 12 năm 2015 của Thống đốc Ngân hàng Nhà nước Việt Nam quy định về tổ chức và hoạt độn..."
185630,63/2025/TT-NHNN,32/2024/TT-NHNN,"sửa đổi, bổ sung",...năm 2024 của Thống đốc Ngân hàng Nhà nước Việt Nam quy định về quỹ tín dụng nhân dân và Thông tư số 32/2024/TT-NHNN ngày 30 tháng 6 năm 2024 của Thống đốc Ngân hàng Nhà nước Việt Nam quy định về mạng lưới hoạt động ...
185630,63/2025/TT-NHNN,08/2025/TT-NHNN,bãi bỏ,"2. Thông tư này bãi bỏ quy định tại khoản 1 Điều 2 Thông tư số 08/2025/TT-NHNN ngày 06 tháng 6 năm 2025 của Thống đốc Ngân hàng Nhà nước Việt Nam sửa đổi, bổ sung một số điều của..."
185630,63/2025/TT-NHNN,43/2015/TT-NHNN,bãi bỏ,"...g 6 năm 2025 của Thống đốc Ngân hàng Nhà nước Việt Nam sửa đổi, bổ sung một số điều của Thông tư số 43/2015/TT-NHNN ngày 31 tháng 12 năm 2015 của Thống đốc Ngân hàng Nhà nước Việt Nam quy định về tổ chức và hoạt độn..."
185630,63/2025/TT-NHNN,29/2024/TT-NHNN,bãi bỏ,"...ủa phòng giao dịch bưu điện trực thuộc Ngân hàng thương mại cổ phần Bưu điện Liên Việt, Thông tư số 29/2024/TT-NHNN ngày 28 tháng 6 năm 2024 của Thống đốc Ngân hàng Nhà nước Việt Nam quy định về quỹ tín dụng nhân dâ..."
185630,63/2025/TT-NHNN,32/2024/TT-NHNN,bãi bỏ,...năm 2024 của Thống đốc Ngân hàng Nhà nước Việt Nam quy định về quỹ tín dụng nhân dân và Thông tư số 32/2024/TT-NHNN ngày 30 tháng 6 năm 2024 của Thống đốc Ngân hàng Nhà nước Việt Nam quy định về mạng lưới hoạt động ...
44209,01/2014/TT-NHNN,27/2007/QĐ-NHNN,"sửa đổi, bổ sung","b) Quyết định số 27/2007/QĐ-NHNN ngày 21/6/2007 sửa đổi, bổ sung một số Điều của Chế độ giao nhận, bảo quản, vận chuyển tiền mặt, tài sản quý, giấy tờ có giá ban hành theo Quyết định số 60/2006/QĐ-NHNN;"
44209,01/2014/TT-NHNN,60/2006/QĐ-NHNN,"sửa đổi, bổ sung","b) Quyết định số 27/2007/QĐ-NHNN ngày 21/6/2007 sửa đổi, bổ sung một số Điều của Chế độ giao nhận, bảo quản, vận chuyển tiền mặt, tài sản quý, giấy tờ có giá ban hành theo Quyết định số 60/2006/QĐ-NHNN;"
44209,01/2014/TT-NHNN,21/2011/TT-NHNN,"sửa đổi, bổ sung","c) Thông tư số 21/2011/TT-NHNN ngày 30/8/2011 sửa đổi, bổ sung Khoản 5 Điều 3 Chế độ giao nhận, bảo quản, vận chuyển tiền mặt, tài sản quý, giấy tờ có giá ban hành theo Quyết định số 60/2006/QĐ-NHNN."
25692,46/2010/QH12,51/2001/QH10,"sửa đổi, bổ sung","Căn cứ Hiến pháp nước Cộng hoà xã hội chủ nghĩa Việt Nam năm 1992 đã được sửa đổi, bổ sung một số điều theo Nghị quyết số 51/2001/QH10;"
25692,46/2010/QH12,51/2001/QH10,căn cứ,"Căn cứ Hiến pháp nước Cộng hoà xã hội chủ nghĩa Việt Nam năm 1992 đã được sửa đổi, bổ sung một số điều theo Nghị quyết số 51/2001/QH10;"
25692,46/2010/QH12,01/1997/QH10,"sửa đổi, bổ sung","2. Luật Ngân hàng Nhà nước Việt Nam số 01/1997/QH10 và Luật sửa đổi, bổ sung một số điều của Luật Ngân hàng Nhà nước Việt Nam số 10/2003/QH11 hết hiệu lực kể từ ngày Luật này có hiệu lực."
25692,46/2010/QH12,10/2003/QH11,"sửa đổi, bổ sung","2. Luật Ngân hàng Nhà nước Việt Nam số 01/1997/QH10 và Luật sửa đổi, bổ sung một số điều của Luật Ngân hàng Nhà nước Việt Nam số 10/2003/QH11 hết hiệu lực kể từ ngày Luật này có hiệu lực."
